,Drug IDs,NCBI_ID
0,773,128
1,773,5742
2,773,5947
3,773,8884
4,1254,25
5,1254,4842
6,1254,2495
7,1254,9963
8,317,1812
9,544,1812
10,5294,1812
11,8899,1812
12,9073,1812
13,11689,1812
14,317,6303
15,544,6303
16,5294,6303
17,8899,6303
18,9073,6303
19,11689,6303
20,317,213
21,544,213
22,5294,213
23,8899,213
24,9073,213
25,11689,213
26,317,6510
27,544,6510
28,5294,6510
29,8899,6510
30,9073,6510
31,11689,6510
32,544,2324
33,8899,2324
34,544,7166
35,8899,7166
36,544,6906
37,8899,6906
38,544,23541
39,8899,23541
40,1229,81027
41,1248,81027
42,1229,217
43,1248,217
44,1229,3043
45,1248,3043
46,1229,6558
47,1248,6558
48,317,1497
49,5294,1497
50,317,4722
51,5294,4722
52,317,5004
53,5294,5004
54,317,9123
55,5294,9123
56,1229,2147
57,1229,7299
58,1229,2167
59,1229,8647
60,773,210
61,773,5743
62,773,2173
63,773,476
64,445,3284
65,773,3284
66,1229,3284
67,1248,3284
68,5294,3284
69,445,883
70,773,883
71,1229,883
72,1248,883
73,5294,883
74,445,6580
75,773,6580
76,1229,6580
77,1248,6580
78,5294,6580
79,445,4363
80,773,4363
81,1229,4363
82,1248,4363
83,5294,4363
84,11689,1737
85,11689,4144
86,11689,5004
87,11689,3785
88,11689,931
89,11689,374291
90,11689,5005
91,11689,8029
92,544,8399
93,544,7298
94,544,4520
95,544,6546
96,11581,5465
97,11581,3290
98,11581,645745
99,11581,10599
100,317,10157
101,441,10157
102,773,10157
103,1030,10157
104,1229,10157
105,1248,10157
106,1254,10157
107,1259,10157
108,5294,10157
109,8865,10157
110,8899,10157
111,8916,10157
112,9073,10157
113,9074,10157
114,11581,10157
115,11689,10157
116,12015,10157
117,317,4512
118,441,4512
119,773,4512
120,1030,4512
121,1229,4512
122,1248,4512
123,1254,4512
124,1259,4512
125,5294,4512
126,8865,4512
127,8899,4512
128,8916,4512
129,9073,4512
130,9074,4512
131,11581,4512
132,11689,4512
133,12015,4512
134,317,4490
135,441,4490
136,773,4490
137,1030,4490
138,1229,4490
139,1248,4490
140,1254,4490
141,1259,4490
142,5294,4490
143,8865,4490
144,8899,4490
145,8916,4490
146,9073,4490
147,9074,4490
148,11581,4490
149,11689,4490
150,12015,4490
151,317,5243
152,441,5243
153,773,5243
154,1030,5243
155,1229,5243
156,1248,5243
157,1254,5243
158,1259,5243
159,5294,5243
160,8865,5243
161,8899,5243
162,8916,5243
163,9073,5243
164,9074,5243
165,11581,5243
166,11689,5243
167,12015,5243
168,544,121278
169,773,121278
170,544,5471
171,773,5471
172,544,4501
173,773,4501
174,544,8714
175,773,8714
176,317,1152
177,526,1152
178,544,1152
179,773,1152
180,958,1152
181,1030,1152
182,1248,1152
183,1254,1152
184,5294,1152
185,8916,1152
186,9073,1152
187,9074,1152
188,11581,1152
189,11689,1152
190,12015,1152
191,317,4669
192,526,4669
193,544,4669
194,773,4669
195,958,4669
196,1030,4669
197,1248,4669
198,1254,4669
199,5294,4669
200,8916,4669
201,9073,4669
202,9074,4669
203,11581,4669
204,11689,4669
205,12015,4669
206,317,4504
207,526,4504
208,544,4504
209,773,4504
210,958,4504
211,1030,4504
212,1248,4504
213,1254,4504
214,5294,4504
215,8916,4504
216,9073,4504
217,9074,4504
218,11581,4504
219,11689,4504
220,12015,4504
221,317,9429
222,526,9429
223,544,9429
224,773,9429
225,958,9429
226,1030,9429
227,1248,9429
228,1254,9429
229,5294,9429
230,8916,9429
231,9073,9429
232,9074,9429
233,11581,9429
234,11689,9429
235,12015,9429
236,526,1043
237,773,1043
238,958,1043
239,1229,1043
240,1248,1043
241,526,1991
242,773,1991
243,958,1991
244,1229,1991
245,1248,1991
246,526,84560
247,773,84560
248,958,84560
249,1229,84560
250,1248,84560
251,526,1244
252,773,1244
253,958,1244
254,1229,1244
255,1248,1244
256,1030,116447
257,544,116447
258,1030,326625
259,544,326625
260,1030,3484
261,544,3484
262,1030,10257
263,544,10257
264,441,1128
265,544,1128
266,441,3485
267,544,3485
268,441,2030
269,544,2030
270,1259,5973
271,1259,5096
272,1259,55937
273,1259,6890
274,544,353
275,544,8644
276,544,10057
277,773,645
278,773,368
279,441,51727
280,544,51727
281,1248,51727
282,441,10864
283,544,10864
284,1248,10864
285,526,2099
286,5294,2099
287,526,6582
288,5294,6582
289,9073,2936
290,9073,6580
291,445,3562
292,526,3562
293,958,3562
294,445,5321
295,526,5321
296,958,5321
297,445,1317
298,526,1317
299,958,1317
300,526,1645
301,526,5406
302,526,6581
303,441,3620
304,773,3620
305,1229,3620
306,1248,3620
307,441,89845
308,773,89845
309,1229,89845
310,1248,89845
311,8899,367
312,8899,1584
313,8899,28231
314,1030,217
315,1030,476
316,1030,55244
317,1229,501
318,1248,501
319,1229,3162
320,1248,3162
321,1229,28234
322,1248,28234
323,958,1621
324,958,5053
325,958,1318
326,526,10939
327,958,10939
328,526,3614
329,958,3614
330,526,540
331,958,540
332,526,6323
333,958,6323
334,526,2944
335,958,2944
336,526,538
337,958,538
338,361,203068
339,526,203068
340,773,203068
341,958,203068
342,361,2950
343,526,2950
344,773,2950
345,958,2950
346,361,123264
347,526,123264
348,773,123264
349,958,123264
350,526,59340
351,773,59340
352,958,59340
353,526,2952
354,773,2952
355,958,2952
356,526,21
357,773,21
358,958,21
359,441,2322
360,441,2744
361,441,64078
362,9073,10280
363,9073,6822
364,9073,54822
365,5294,7422
366,5294,5444
367,5294,8170
368,441,2729
369,441,2194
370,441,9154
371,544,3980
372,441,3980
373,544,1806
374,441,1806
375,544,3177
376,441,3177
377,1030,622
378,1030,7052
379,1030,146802
380,526,55163
381,958,55163
382,526,4353
383,958,4353
384,526,9153
385,958,9153
386,1229,443
387,1248,443
388,1254,443
389,1229,1545
390,1248,1545
391,1254,1545
392,1229,5452
393,1248,5452
394,1254,5452
395,526,3292
396,958,3292
397,526,1728
398,958,1728
399,526,53632
400,958,53632
401,1254,5159
402,1254,7083
403,1254,140803
404,1229,8565
405,1229,1588
406,1229,4891
407,544,6947
408,544,4524
409,544,779
410,544,8659
411,544,1890
412,544,8913
413,1229,596
414,1248,596
415,11581,596
416,1229,8985
417,1248,8985
418,11581,8985
419,1229,8911
420,1248,8911
421,11581,8911
422,958,7299
423,958,7498
424,958,6526
425,317,10991
426,773,10991
427,1229,10991
428,1248,10991
429,1254,10991
430,1259,10991
431,8865,10991
432,8899,10991
433,9074,10991
434,11689,10991
435,317,1577
436,773,1577
437,1229,1577
438,1248,1577
439,1254,1577
440,1259,1577
441,8865,1577
442,8899,1577
443,9074,1577
444,11689,1577
445,317,148867
446,773,148867
447,1229,148867
448,1248,148867
449,1254,148867
450,1259,148867
451,8865,148867
452,8899,148867
453,9074,148867
454,11689,148867
455,317,383
456,361,383
457,317,1565
458,361,1565
459,317,7782
460,361,7782
461,526,150
462,958,150
463,526,6647
464,958,6647
465,526,283375
466,958,283375
467,544,10280
468,773,10280
469,1254,10280
470,11689,10280
471,544,1544
472,773,1544
473,1254,1544
474,11689,1544
475,544,29986
476,773,29986
477,1254,29986
478,11689,29986
479,441,6472
480,441,978
481,441,7779
482,544,554
483,544,7378
484,544,7780
485,544,16
486,544,151531
487,544,7922
488,317,6652
489,361,6652
490,773,6652
491,1229,6652
492,1248,6652
493,1254,6652
494,1259,6652
495,5294,6652
496,5482,6652
497,8865,6652
498,8899,6652
499,8911,6652
500,9073,6652
501,9074,6652
502,11581,6652
503,11689,6652
504,11805,6652
505,12015,6652
506,317,1576
507,361,1576
508,773,1576
509,1229,1576
510,1248,1576
511,1254,1576
512,1259,1576
513,5294,1576
514,5482,1576
515,8865,1576
516,8899,1576
517,8911,1576
518,9073,1576
519,9074,1576
520,11581,1576
521,11689,1576
522,11805,1576
523,12015,1576
524,317,64924
525,361,64924
526,773,64924
527,1229,64924
528,1248,64924
529,1254,64924
530,1259,64924
531,5294,64924
532,5482,64924
533,8865,64924
534,8899,64924
535,8911,64924
536,9073,64924
537,9074,64924
538,11581,64924
539,11689,64924
540,11805,64924
541,12015,64924
542,317,4144
543,544,4144
544,8899,4144
545,12015,4144
546,317,1559
547,544,1559
548,8899,1559
549,11689,1559
550,12015,1559
551,317,27173
552,544,27173
553,8899,27173
554,11689,27173
555,12015,27173
556,441,4704
557,441,1633
558,441,23516
559,544,246
560,1229,246
561,1259,246
562,8899,246
563,8911,246
564,11689,246
565,12015,246
566,544,1558
567,1229,1558
568,1259,1558
569,8899,1558
570,8911,1558
571,11689,1558
572,12015,1558
573,544,55676
574,1229,55676
575,1259,55676
576,8899,55676
577,8911,55676
578,11689,55676
579,12015,55676
580,441,3359
581,441,4830
582,441,366
583,544,5950
584,544,1548
585,773,3028
586,11689,3028
587,773,1571
588,11689,1571
589,317,56901
590,1259,56901
591,8899,56901
592,11689,56901
593,12015,56901
594,317,1557
595,1259,1557
596,8899,1557
597,11689,1557
598,12015,1557
599,441,7298
600,773,7298
601,11689,7298
602,441,54658
603,544,54658
604,773,54658
605,11689,54658
606,441,6240
607,441,1585
608,317,2249
609,1254,2249
610,317,1543
611,1254,1543
612,8865,1555
613,8899,1555
614,9074,1555
615,1254,266629
616,5294,266629
617,1254,2328
618,5294,2328
619,5294,152
620,5294,2326
621,1229,5618
622,1248,5618
623,1229,1551
624,1248,1551
625,11689,495
626,11689,54659
627,445,26
628,445,7364
629,8865,238
630,544,54677
631,544,7372
632,1254,5471
633,1254,204
634,441,3033
635,441,7084
636,526,4953
637,958,4953
638,526,4489
639,958,4489
640,526,1132
641,958,1132
642,526,4502
643,958,4502
644,8865,3295
645,8865,211
646,8865,64816
647,8865,1160
648,8865,57053
649,8865,1551
650,1254,27
651,1254,11093
652,1254,3815
653,1254,442038
654,1259,2064
655,8916,2064
656,1259,83592
657,8916,83592
658,445,7153
659,773,7153
660,317,1956
661,1259,1956
662,5294,1956
663,8916,1956
664,1254,6714
665,1254,2534
666,1254,7525
667,1254,1969
668,1254,3932
669,8911,5604
670,11689,5604
671,1254,6777
672,1229,8856
673,1248,8856
674,1030,7150
675,5482,7150
676,5220,6790
677,1254,1432
678,1229,4133
679,1248,4133
680,1254,695
681,1254,1445
682,9074,142
683,9073,1021
684,9073,1019
685,12015,5290
686,5294,5979
687,773,7155
688,1254,2050
689,11740,7465
690,5294,7010
691,1229,4137
692,1248,4137
693,1229,4134
694,1248,4134
695,1254,3312
696,9074,10038
697,9074,10039
698,1254,4067
699,5294,5753
700,1254,2444
701,1254,613
702,8911,5605
703,11689,5605
704,8916,2066
705,1254,2268
706,1254,2044
707,361,1557
708,441,1557
709,445,1557
710,526,1557
711,544,1557
712,773,1557
713,958,1557
714,1030,1557
715,1229,1557
716,11663,1557
717,11982,1557
718,12183,1557
719,12848,1557
720,361,1559
721,441,1559
722,445,1559
723,526,1559
724,773,1559
725,958,1559
726,1030,1559
727,1229,1559
728,11663,1559
729,11666,1559
730,11982,1559
731,12183,1559
732,12848,1559
733,441,1565
734,445,1565
735,526,1565
736,544,1565
737,773,1565
738,958,1565
739,1030,1565
740,1229,1565
741,11663,1565
742,11666,1565
743,11982,1565
744,12183,1565
745,12848,1565
746,441,1576
747,445,1576
748,526,1576
749,544,1576
750,958,1576
751,1030,1576
752,11663,1576
753,11666,1576
754,11982,1576
755,12183,1576
756,12848,1576
757,361,1544
758,441,1544
759,445,1544
760,526,1544
761,958,1544
762,1030,1544
763,1229,1544
764,11663,1544
765,11982,1544
766,12183,1544
767,12848,1544
768,361,5243
769,361,552
770,441,552
771,445,552
772,526,552
773,544,552
774,773,552
775,958,552
776,1030,552
777,1229,552
778,317,7421
779,361,7421
780,958,7421
781,1229,7421
782,544,10599
783,773,10599
784,958,10599
785,1030,10599
786,1229,10599
787,5482,10599
788,361,10800
789,441,10800
790,445,10800
791,526,10800
792,544,10800
793,773,10800
794,958,10800
795,1030,10800
796,1229,10800
797,5482,9429
798,773,11201
799,441,28234
800,544,28234
801,773,28234
802,958,28234
803,1030,28234
804,5482,28234
805,361,10280
806,441,10280
807,445,10280
808,526,10280
809,958,10280
810,1030,10280
811,1229,10280
812,544,6311
813,1229,6311
814,544,79915
815,1229,79915
816,317,1244
817,361,2100
818,441,2100
819,445,2100
820,526,2100
821,544,2100
822,773,2100
823,958,2100
824,1030,2100
825,1229,2100
826,317,1432
827,361,1432
828,441,1432
829,445,1432
830,526,1432
831,544,1432
832,773,1432
833,958,1432
834,1030,1432
835,1229,1432
836,1259,1432
837,5220,1432
838,5294,1432
839,8865,1432
840,8916,1432
841,9073,1432
842,11663,1432
843,11689,1432
844,11740,1432
845,12848,1432
846,544,4780
847,773,4780
848,1229,4780
849,1259,4780
850,11689,4780
851,361,3757
852,441,3757
853,445,3757
854,526,3757
855,544,3757
856,773,3757
857,958,3757
858,1030,3757
859,1229,3757
860,1254,3757
861,1259,3757
862,11663,3757
863,11666,3757
864,11925,3757
865,11982,3757
866,12218,3757
867,12242,3757
868,12774,3757
869,15029,3757
870,361,5530
871,441,5530
872,445,5530
873,526,5530
874,544,5530
875,773,5530
876,958,5530
877,1030,5530
878,1229,5530
879,544,5467
880,1229,5467
881,1254,5467
882,1259,5467
883,11689,5467
884,361,6531
885,441,6531
886,445,6531
887,526,6531
888,544,6531
889,773,6531
890,958,6531
891,1030,6531
892,1229,6531
893,361,1234
894,441,1234
895,445,1234
896,526,1234
897,544,1234
898,773,1234
899,958,1234
900,1030,1234
901,1229,1234
902,361,1233
903,441,1233
904,445,1233
905,526,1233
906,544,1233
907,773,1233
908,958,1233
909,1030,1233
910,1229,1233
911,361,3362
912,441,3362
913,445,3362
914,526,3362
915,544,3362
916,773,3362
917,958,3362
918,1030,3362
919,1229,3362
920,361,186
921,441,186
922,445,186
923,526,186
924,544,186
925,773,186
926,958,186
927,1030,186
928,1229,186
929,361,4887
930,441,4887
931,445,4887
932,526,4887
933,544,4887
934,773,4887
935,958,4887
936,1030,4887
937,1229,4887
938,544,2740
939,773,2740
940,361,4159
941,441,4159
942,445,4159
943,526,4159
944,544,4159
945,773,4159
946,958,4159
947,1030,4159
948,1229,4159
949,361,729230
950,441,729230
951,445,729230
952,526,729230
953,544,729230
954,773,729230
955,958,729230
956,1030,729230
957,1229,729230
958,361,3357
959,441,3357
960,445,3357
961,526,3357
962,544,3357
963,773,3357
964,958,3357
965,1030,3357
966,1229,3357
967,361,4986
968,441,4986
969,445,4986
970,526,4986
971,544,4986
972,773,4986
973,958,4986
974,1030,4986
975,1229,4986
976,361,4985
977,441,4985
978,445,4985
979,526,4985
980,544,4985
981,773,4985
982,958,4985
983,1030,4985
984,1229,4985
985,1229,5468
986,1229,7365
987,361,1814
988,441,1814
989,445,1814
990,526,1814
991,544,1814
992,773,1814
993,958,1814
994,1030,1814
995,1229,1814
996,361,4988
997,441,4988
998,445,4988
999,526,4988
1000,544,4988
1001,773,4988
1002,958,4988
1003,1030,4988
1004,1229,4988
1005,361,3269
1006,441,3269
1007,445,3269
1008,526,3269
1009,544,3269
1010,773,3269
1011,958,3269
1012,1030,3269
1013,1229,3269
1014,361,5743
1015,441,5743
1016,445,5743
1017,526,5743
1018,544,5743
1019,958,5743
1020,1030,5743
1021,1229,5743
1022,5482,4363
1023,361,4161
1024,441,4161
1025,445,4161
1026,526,4161
1027,544,4161
1028,773,4161
1029,958,4161
1030,1030,4161
1031,1229,4161
1032,361,4160
1033,441,4160
1034,445,4160
1035,526,4160
1036,544,4160
1037,773,4160
1038,958,4160
1039,1030,4160
1040,1229,4160
1041,361,7433
1042,441,7433
1043,445,7433
1044,526,7433
1045,544,7433
1046,773,7433
1047,958,7433
1048,1030,7433
1049,1229,7433
1050,361,886
1051,441,886
1052,445,886
1053,526,886
1054,544,886
1055,773,886
1056,958,886
1057,1030,886
1058,1229,886
1059,361,6532
1060,441,6532
1061,445,6532
1062,526,6532
1063,544,6532
1064,773,6532
1065,958,6532
1066,1030,6532
1067,1229,6532
1068,361,799
1069,441,799
1070,445,799
1071,526,799
1072,544,799
1073,773,799
1074,958,799
1075,1030,799
1076,1229,799
1077,361,134
1078,441,134
1079,445,134
1080,526,134
1081,544,134
1082,773,134
1083,958,134
1084,1030,134
1085,1229,134
1086,361,624
1087,441,624
1088,445,624
1089,526,624
1090,544,624
1091,773,624
1092,958,624
1093,1030,624
1094,1229,624
1095,361,834
1096,441,834
1097,445,834
1098,526,834
1099,544,834
1100,773,834
1101,958,834
1102,1030,834
1103,1229,834
1104,317,5594
1105,361,5594
1106,441,5594
1107,445,5594
1108,526,5594
1109,544,5594
1110,773,5594
1111,958,5594
1112,1030,5594
1113,1229,5594
1114,1254,5594
1115,1259,5594
1116,5220,5594
1117,5294,5594
1118,8865,5594
1119,8916,5594
1120,11663,5594
1121,11689,5594
1122,361,3358
1123,441,3358
1124,445,3358
1125,526,3358
1126,544,3358
1127,773,3358
1128,958,3358
1129,1030,3358
1130,1229,3358
1131,361,3356
1132,441,3356
1133,445,3356
1134,526,3356
1135,544,3356
1136,773,3356
1137,958,3356
1138,1030,3356
1139,1229,3356
1140,317,5595
1141,361,5595
1142,441,5595
1143,445,5595
1144,526,5595
1145,544,5595
1146,773,5595
1147,958,5595
1148,1030,5595
1149,1229,5595
1150,1254,5595
1151,1259,5595
1152,5294,5595
1153,8865,5595
1154,8916,5595
1155,11663,5595
1156,11689,5595
1157,361,4886
1158,441,4886
1159,445,4886
1160,526,4886
1161,544,4886
1162,773,4886
1163,958,4886
1164,1030,4886
1165,1229,4886
1166,361,5724
1167,441,5724
1168,445,5724
1169,526,5724
1170,544,5724
1171,773,5724
1172,958,5724
1173,1030,5724
1174,1229,5724
1175,361,6869
1176,441,6869
1177,445,6869
1178,526,6869
1179,544,6869
1180,773,6869
1181,958,6869
1182,1030,6869
1183,1229,6869
1184,361,1909
1185,441,1909
1186,445,1909
1187,526,1909
1188,544,1909
1189,773,1909
1190,958,1909
1191,1030,1909
1192,1229,1909
1193,361,146
1194,441,146
1195,445,146
1196,526,146
1197,544,146
1198,773,146
1199,958,146
1200,1030,146
1201,1229,146
1202,361,3579
1203,441,3579
1204,445,3579
1205,526,3579
1206,544,3579
1207,773,3579
1208,958,3579
1209,1030,3579
1210,1229,3579
1211,361,3577
1212,441,3577
1213,445,3577
1214,526,3577
1215,544,3577
1216,773,3577
1217,958,3577
1218,1030,3577
1219,1229,3577
1220,361,3274
1221,441,3274
1222,445,3274
1223,526,3274
1224,544,3274
1225,773,3274
1226,958,3274
1227,1030,3274
1228,1229,3274
1229,361,6916
1230,441,6916
1231,445,6916
1232,526,6916
1233,544,6916
1234,773,6916
1235,958,6916
1236,1030,6916
1237,1229,6916
1238,361,6530
1239,441,6530
1240,445,6530
1241,526,6530
1242,544,6530
1243,773,6530
1244,958,6530
1245,1030,6530
1246,1229,6530
1247,317,3716
1248,1254,3716
1249,1259,3716
1250,5294,3716
1251,8865,3716
1252,8916,3716
1253,11663,3716
1254,11689,3716
1255,361,5742
1256,441,5742
1257,445,5742
1258,526,5742
1259,544,5742
1260,958,5742
1261,1030,5742
1262,1229,5742
1263,1229,54657
1264,5482,54657
1265,1229,54658
1266,5482,54658
1267,361,43
1268,441,43
1269,445,43
1270,526,43
1271,544,43
1272,773,43
1273,958,43
1274,1030,43
1275,1229,43
1276,5482,43
1277,361,1815
1278,441,1815
1279,445,1815
1280,526,1815
1281,544,1815
1282,773,1815
1283,958,1815
1284,1030,1815
1285,1229,1815
1286,361,1812
1287,441,1812
1288,445,1812
1289,526,1812
1290,773,1812
1291,958,1812
1292,1030,1812
1293,1229,1812
1294,361,1268
1295,441,1268
1296,445,1268
1297,526,1268
1298,544,1268
1299,773,1268
1300,958,1268
1301,1030,1268
1302,1229,1268
1303,361,6865
1304,441,6865
1305,445,6865
1306,526,6865
1307,544,6865
1308,773,6865
1309,958,6865
1310,1030,6865
1311,1229,6865
1312,1229,5244
1313,361,4128
1314,441,4128
1315,445,4128
1316,526,4128
1317,544,4128
1318,773,4128
1319,958,4128
1320,1030,4128
1321,1229,4128
1322,361,1131
1323,441,1131
1324,445,1131
1325,526,1131
1326,544,1131
1327,773,1131
1328,958,1131
1329,1030,1131
1330,1229,1131
1331,1229,6256
1332,1229,54578
1333,5482,54578
1334,361,152
1335,441,152
1336,445,152
1337,526,152
1338,544,152
1339,773,152
1340,958,152
1341,1030,152
1342,1229,152
1343,361,151
1344,441,151
1345,445,151
1346,526,151
1347,544,151
1348,773,151
1349,958,151
1350,1030,151
1351,1229,151
1352,317,2321
1353,361,2321
1354,441,2321
1355,445,2321
1356,526,2321
1357,544,2321
1358,773,2321
1359,958,2321
1360,1030,2321
1361,1229,2321
1362,1254,2321
1363,1259,2321
1364,5220,2321
1365,5294,2321
1366,8865,2321
1367,8916,2321
1368,9073,2321
1369,11663,2321
1370,11689,2321
1371,11740,2321
1372,11805,2321
1373,12848,2321
1374,317,5578
1375,361,5578
1376,441,5578
1377,445,5578
1378,526,5578
1379,544,5578
1380,773,5578
1381,958,5578
1382,1030,5578
1383,1229,5578
1384,1254,5578
1385,1259,5578
1386,5220,5578
1387,5294,5578
1388,9073,5578
1389,12218,5578
1390,1229,7364
1391,361,4318
1392,441,4318
1393,445,4318
1394,526,4318
1395,544,4318
1396,773,4318
1397,958,4318
1398,1030,4318
1399,1229,4318
1400,361,1813
1401,441,1813
1402,445,1813
1403,526,1813
1404,544,1813
1405,773,1813
1406,958,1813
1407,1030,1813
1408,1229,1813
1409,361,155
1410,441,155
1411,445,155
1412,526,155
1413,544,155
1414,773,155
1415,958,155
1416,1030,155
1417,1229,155
1418,361,1548
1419,441,1548
1420,445,1548
1421,526,1548
1422,773,1548
1423,958,1548
1424,1030,1548
1425,1229,1548
1426,361,1128
1427,445,1128
1428,526,1128
1429,773,1128
1430,958,1128
1431,1030,1128
1432,1229,1128
1433,317,367
1434,526,367
1435,1229,367
1436,1254,367
1437,5294,367
1438,11689,367
1439,361,140
1440,441,140
1441,445,140
1442,526,140
1443,544,140
1444,773,140
1445,958,140
1446,1030,140
1447,1229,140
1448,361,150
1449,441,150
1450,445,150
1451,544,150
1452,773,150
1453,1030,150
1454,1229,150
1455,361,1133
1456,441,1133
1457,445,1133
1458,526,1133
1459,544,1133
1460,773,1133
1461,958,1133
1462,1030,1133
1463,1229,1133
1464,361,153
1465,441,153
1466,445,153
1467,526,153
1468,544,153
1469,773,153
1470,958,153
1471,1030,153
1472,1229,153
1473,361,5788
1474,441,5788
1475,445,5788
1476,526,5788
1477,544,5788
1478,773,5788
1479,958,5788
1480,1030,5788
1481,1229,5788
1482,361,1511
1483,441,1511
1484,445,1511
1485,526,1511
1486,544,1511
1487,773,1511
1488,958,1511
1489,1030,1511
1490,1229,1511
1491,361,1991
1492,441,1991
1493,445,1991
1494,544,1991
1495,1030,1991
1496,361,1132
1497,441,1132
1498,445,1132
1499,544,1132
1500,773,1132
1501,1030,1132
1502,1229,1132
1503,361,1129
1504,441,1129
1505,445,1129
1506,526,1129
1507,544,1129
1508,773,1129
1509,958,1129
1510,1030,1129
1511,1229,1129
1512,12848,1129
1513,361,154
1514,441,154
1515,445,154
1516,526,154
1517,544,154
1518,773,154
1519,958,154
1520,1030,154
1521,1229,154
1522,317,2534
1523,361,2534
1524,441,2534
1525,445,2534
1526,526,2534
1527,544,2534
1528,773,2534
1529,958,2534
1530,1030,2534
1531,1229,2534
1532,1259,2534
1533,5220,2534
1534,5294,2534
1535,8865,2534
1536,8916,2534
1537,9073,2534
1538,11663,2534
1539,11689,2534
1540,11740,2534
1541,11805,2534
1542,12242,2534
1543,12848,2534
1544,317,3932
1545,361,3932
1546,441,3932
1547,445,3932
1548,526,3932
1549,544,3932
1550,773,3932
1551,958,3932
1552,1030,3932
1553,1229,3932
1554,1259,3932
1555,5220,3932
1556,5294,3932
1557,8865,3932
1558,8916,3932
1559,9073,3932
1560,11663,3932
1561,11689,3932
1562,11740,3932
1563,11805,3932
1564,12242,3932
1565,12848,3932
1566,361,1571
1567,441,1571
1568,445,1571
1569,526,1571
1570,544,1571
1571,958,1571
1572,1030,1571
1573,1229,1571
1574,317,2064
1575,361,2064
1576,441,2064
1577,445,2064
1578,526,2064
1579,544,2064
1580,773,2064
1581,958,2064
1582,1030,2064
1583,1229,2064
1584,1254,2064
1585,5220,2064
1586,5294,2064
1587,8865,2064
1588,11663,2064
1589,11689,2064
1590,12183,2064
1591,361,2908
1592,441,2908
1593,445,2908
1594,526,2908
1595,544,2908
1596,773,2908
1597,958,2908
1598,1030,2908
1599,1229,2908
1600,361,3156
1601,441,3156
1602,445,3156
1603,526,3156
1604,544,3156
1605,773,3156
1606,958,3156
1607,1030,3156
1608,1229,3156
1609,361,4312
1610,441,4312
1611,445,4312
1612,526,4312
1613,544,4312
1614,773,4312
1615,958,4312
1616,1030,4312
1617,1229,4312
1618,361,2099
1619,441,2099
1620,445,2099
1621,544,2099
1622,773,2099
1623,958,2099
1624,1030,2099
1625,1229,2099
1626,361,760
1627,441,760
1628,445,760
1629,526,760
1630,544,760
1631,773,760
1632,958,760
1633,1030,760
1634,1229,760
1635,361,1956
1636,441,1956
1637,445,1956
1638,526,1956
1639,544,1956
1640,773,1956
1641,958,1956
1642,1030,1956
1643,1229,1956
1644,1254,1956
1645,5220,1956
1646,8865,1956
1647,11663,1956
1648,11689,1956
1649,11805,1956
1650,12183,1956
1651,773,11309
1652,1030,11309
1653,1229,11309
1654,5482,11309
1655,958,7398
1656,1229,7398
1657,361,8654
1658,441,8654
1659,445,8654
1660,526,8654
1661,544,8654
1662,773,8654
1663,958,8654
1664,1030,8654
1665,1229,8654
1666,317,51053
1667,544,51053
1668,773,51053
1669,1229,51053
1670,1254,51053
1671,5294,51053
1672,526,6580
1673,544,6580
1674,1229,4864
1675,544,10919
1676,5294,10919
1677,361,2648
1678,958,2648
1679,544,2237
1680,1229,7068
1681,1030,6582
1682,544,328
1683,958,328
1684,544,10951
1685,773,10951
1686,1229,10951
1687,1259,4790
1688,544,7253
1689,1254,1636
1690,317,2932
1691,1254,2932
1692,1259,2932
1693,5220,2932
1694,5294,2932
1695,8865,2932
1696,8916,2932
1697,9073,2932
1698,11663,2932
1699,11689,2932
1700,11740,2932
1701,11805,2932
1702,12848,2932
1703,958,246
1704,544,351
1705,317,247
1706,958,3028
1707,1229,3028
1708,1229,5965
1709,773,836
1710,544,7066
1711,1229,7066
1712,958,55775
1713,1229,641
1714,544,410
1715,317,4000
1716,544,4000
1717,1229,4000
1718,544,216
1719,958,216
1720,544,5376
1721,1229,5376
1722,1229,5999
1723,317,6714
1724,1229,6714
1725,1259,6714
1726,5220,6714
1727,5294,6714
1728,8865,6714
1729,8916,6714
1730,11663,6714
1731,11689,6714
1732,11805,6714
1733,12242,6714
1734,544,3725
1735,1259,3725
1736,958,51426
1737,544,9971
1738,1229,5300
1739,317,5347
1740,1254,5347
1741,1259,5347
1742,5220,5347
1743,5294,5347
1744,8865,5347
1745,8916,5347
1746,11663,5347
1747,11689,5347
1748,958,3248
1749,317,4137
1750,544,4137
1751,958,4137
1752,1259,3315
1753,1254,2744
1754,958,390245
1755,317,1445
1756,1259,1445
1757,5294,1445
1758,8865,1445
1759,8916,1445
1760,11663,1445
1761,11689,1445
1762,11805,1445
1763,12242,1445
1764,958,840
1765,1030,3091
1766,1229,3091
1767,773,213
1768,5482,213
1769,9074,213
1770,12015,213
1771,1229,6622
1772,544,3576
1773,1229,9099
1774,544,7157
1775,1229,7157
1776,12015,7157
1777,544,4154
1778,773,472
1779,12015,472
1780,361,4088
1781,1229,4088
1782,1254,4088
1783,544,3043
1784,317,238
1785,1254,238
1786,1259,238
1787,5220,238
1788,5294,238
1789,8916,238
1790,9073,238
1791,11663,238
1792,11689,238
1793,11740,238
1794,12848,238
1795,317,83942
1796,1254,83942
1797,1259,83942
1798,5220,83942
1799,5294,83942
1800,8865,83942
1801,8916,83942
1802,11663,83942
1803,11689,83942
1804,12008,83942
1805,317,9212
1806,1254,9212
1807,1259,9212
1808,5220,9212
1809,5294,9212
1810,8865,9212
1811,8916,9212
1812,9073,9212
1813,11663,9212
1814,11689,9212
1815,11740,9212
1816,11805,9212
1817,12242,9212
1818,12588,9212
1819,12848,9212
1820,8916,132
1821,11740,132
1822,12183,132
1823,317,9261
1824,1254,9261
1825,1259,9261
1826,5220,9261
1827,5294,9261
1828,8865,9261
1829,8916,9261
1830,11663,9261
1831,11689,9261
1832,317,208
1833,1254,208
1834,1259,208
1835,5220,208
1836,5294,208
1837,8865,208
1838,8916,208
1839,11663,208
1840,11689,208
1841,12218,208
1842,317,558
1843,1254,558
1844,1259,558
1845,5294,558
1846,8865,558
1847,8916,558
1848,11663,558
1849,11689,558
1850,12048,558
1851,317,673
1852,1254,673
1853,1259,673
1854,5294,673
1855,8865,673
1856,8916,673
1857,11663,673
1858,11689,673
1859,317,4233
1860,1254,4233
1861,1259,4233
1862,5220,4233
1863,5294,4233
1864,8865,4233
1865,8916,4233
1866,9073,4233
1867,11663,4233
1868,11689,4233
1869,11740,4233
1870,12048,4233
1871,12848,4233
1872,1229,7083
1873,317,25
1874,1229,25
1875,1259,25
1876,5220,25
1877,5294,25
1878,8865,25
1879,8916,25
1880,9073,25
1881,11663,25
1882,11689,25
1883,11740,25
1884,11805,25
1885,12848,25
1886,317,6790
1887,1254,6790
1888,1259,6790
1889,5294,6790
1890,8865,6790
1891,8916,6790
1892,9073,6790
1893,11663,6790
1894,11689,6790
1895,12848,6790
1896,317,1111
1897,773,1111
1898,1254,1111
1899,1259,1111
1900,5220,1111
1901,5294,1111
1902,8865,1111
1903,8916,1111
1904,9073,1111
1905,11663,1111
1906,11689,1111
1907,11740,1111
1908,12008,1111
1909,12242,1111
1910,12848,1111
1911,317,4217
1912,1254,4217
1913,1259,4217
1914,5294,4217
1915,8865,4217
1916,8916,4217
1917,11663,4217
1918,11689,4217
1919,317,2066
1920,1254,2066
1921,1259,2066
1922,5220,2066
1923,5294,2066
1924,8865,2066
1925,11663,2066
1926,11689,2066
1927,317,6093
1928,1254,6093
1929,1259,6093
1930,5220,6093
1931,5294,6093
1932,8865,6093
1933,8916,6093
1934,9073,6093
1935,11663,6093
1936,11689,6093
1937,11740,6093
1938,12218,6093
1939,12848,6093
1940,317,5062
1941,1254,5062
1942,1259,5062
1943,5294,5062
1944,8865,5062
1945,8916,5062
1946,11663,5062
1947,11689,5062
1948,317,3702
1949,1254,3702
1950,1259,3702
1951,5220,3702
1952,5294,3702
1953,8865,3702
1954,8916,3702
1955,11663,3702
1956,11689,3702
1957,317,5747
1958,1254,5747
1959,1259,5747
1960,5220,5747
1961,5294,5747
1962,8865,5747
1963,8916,5747
1964,9073,5747
1965,11663,5747
1966,11689,5747
1967,11740,5747
1968,12242,5747
1969,12588,5747
1970,12848,5747
1971,317,5604
1972,1254,5604
1973,1259,5604
1974,5220,5604
1975,5294,5604
1976,8865,5604
1977,8916,5604
1978,9073,5604
1979,11663,5604
1980,11740,5604
1981,11982,5604
1982,12218,5604
1983,12242,5604
1984,12848,5604
1985,317,3718
1986,1254,3718
1987,1259,3718
1988,5220,3718
1989,5294,3718
1990,8865,3718
1991,8916,3718
1992,9073,3718
1993,11663,3718
1994,11689,3718
1995,11740,3718
1996,12588,3718
1997,12848,3718
1998,317,5294
1999,1254,5294
2000,1259,5294
2001,5294,5294
2002,8865,5294
2003,8916,5294
2004,11663,5294
2005,11666,5294
2006,11689,5294
2007,12015,5294
2008,12108,5294
2009,15029,5294
2010,317,5601
2011,1254,5601
2012,1259,5601
2013,5220,5601
2014,5294,5601
2015,8865,5601
2016,8916,5601
2017,9073,5601
2018,11663,5601
2019,11689,5601
2020,11740,5601
2021,12848,5601
2022,317,5599
2023,1254,5599
2024,1259,5599
2025,5220,5599
2026,5294,5599
2027,8865,5599
2028,8916,5599
2029,9073,5599
2030,11663,5599
2031,11689,5599
2032,11740,5599
2033,12848,5599
2034,317,6850
2035,1254,6850
2036,1259,6850
2037,5220,6850
2038,5294,6850
2039,8865,6850
2040,8916,6850
2041,11663,6850
2042,11689,6850
2043,11740,6850
2044,12242,6850
2045,317,5290
2046,1254,5290
2047,1259,5290
2048,5294,5290
2049,8865,5290
2050,8916,5290
2051,11663,5290
2052,11666,5290
2053,11689,5290
2054,12108,5290
2055,15029,5290
2056,317,207
2057,1030,207
2058,1254,207
2059,1259,207
2060,5220,207
2061,5294,207
2062,8865,207
2063,8916,207
2064,11663,207
2065,11689,207
2066,12218,207
2067,317,5292
2068,1254,5292
2069,1259,5292
2070,5220,5292
2071,5294,5292
2072,8865,5292
2073,8916,5292
2074,9073,5292
2075,11663,5292
2076,11689,5292
2077,11740,5292
2078,12183,5292
2079,12848,5292
2080,317,3480
2081,1254,3480
2082,1259,3480
2083,5220,3480
2084,5294,3480
2085,8865,3480
2086,8916,3480
2087,9073,3480
2088,11663,3480
2089,11689,3480
2090,11740,3480
2091,12848,3480
2092,317,2242
2093,1254,2242
2094,1259,2242
2095,5220,2242
2096,5294,2242
2097,8865,2242
2098,8916,2242
2099,11663,2242
2100,11689,2242
2101,12242,2242
2102,317,983
2103,1254,983
2104,1259,983
2105,5220,983
2106,5294,983
2107,8865,983
2108,9073,983
2109,317,5894
2110,1254,5894
2111,1259,5894
2112,5294,5894
2113,8865,5894
2114,8916,5894
2115,11663,5894
2116,11689,5894
2117,317,8767
2118,1254,8767
2119,1259,8767
2120,5294,8767
2121,8865,8767
2122,8916,8767
2123,11663,8767
2124,11689,8767
2125,11805,8767
2126,12183,8767
2127,317,3551
2128,1254,3551
2129,1259,3551
2130,5294,3551
2131,8865,3551
2132,8916,3551
2133,11663,3551
2134,11689,3551
2135,317,5293
2136,1254,5293
2137,1259,5293
2138,5294,5293
2139,8865,5293
2140,8916,5293
2141,9073,5293
2142,11663,5293
2143,11666,5293
2144,11689,5293
2145,12015,5293
2146,12108,5293
2147,15029,5293
2148,317,6446
2149,1254,6446
2150,1259,6446
2151,5220,6446
2152,5294,6446
2153,12848,1558
2154,1254,6331
2155,1259,6331
2156,544,3417
2157,1229,3417
2158,5482,54600
2159,12015,545
2160,317,5591
2161,1254,5591
2162,11663,5591
2163,12015,5591
2164,12108,5591
2165,317,2475
2166,544,2475
2167,1229,2475
2168,1254,2475
2169,1259,2475
2170,5294,2475
2171,8865,2475
2172,8916,2475
2173,11663,2475
2174,11666,2475
2175,11689,2475
2176,11925,2475
2177,12015,2475
2178,12108,2475
2179,12774,2475
2180,317,5291
2181,1254,5291
2182,1259,5291
2183,5294,5291
2184,8865,5291
2185,8916,5291
2186,11663,5291
2187,11666,5291
2188,11689,5291
2189,12015,5291
2190,12108,5291
2191,15029,5291
2192,12848,10846
2193,1254,3752
2194,1259,3752
2195,12848,50940
2196,12848,5139
2197,1254,775
2198,1259,775
2199,12848,5144
2200,12848,5136
2201,12848,5138
2202,12588,6774
2203,1229,387129
2204,773,7150
2205,1259,10013
2206,5482,10013
2207,773,3065
2208,1259,3065
2209,5482,3065
2210,12848,5140
2211,544,3064
2212,1254,3064
2213,5294,3064
2214,317,7525
2215,1259,7525
2216,5220,7525
2217,5294,7525
2218,8865,7525
2219,8916,7525
2220,9073,7525
2221,11663,7525
2222,11689,7525
2223,11740,7525
2224,11805,7525
2225,12242,7525
2226,12848,7525
2227,5482,7366
2228,1229,9367
2229,12848,5137
2230,5220,2554
2231,1259,55869
2232,5482,55869
2233,317,2931
2234,1254,2931
2235,1259,2931
2236,5220,2931
2237,5294,2931
2238,8865,2931
2239,8916,2931
2240,9073,2931
2241,11663,2931
2242,11689,2931
2243,11740,2931
2244,12848,2931
2245,1259,8841
2246,5482,54577
2247,11740,8644
2248,317,4216
2249,1254,4216
2250,1259,4216
2251,5294,4216
2252,8865,4216
2253,8916,4216
2254,11663,4216
2255,11689,4216
2256,11740,4216
2257,317,1456
2258,1254,1456
2259,1259,1456
2260,5220,1456
2261,5294,1456
2262,8865,1456
2263,8916,1456
2264,11663,1456
2265,11689,1456
2266,317,8428
2267,1254,8428
2268,1259,8428
2269,5220,8428
2270,5294,8428
2271,8865,8428
2272,8916,8428
2273,11663,8428
2274,11689,8428
2275,317,11213
2276,1254,11213
2277,1259,11213
2278,5294,11213
2279,8865,11213
2280,8916,11213
2281,11663,11213
2282,11689,11213
2283,317,9578
2284,1254,9578
2285,1259,9578
2286,5294,9578
2287,8865,9578
2288,8916,9578
2289,11663,9578
2290,11689,9578
2291,317,11035
2292,11805,11035
2293,12183,11035
2294,317,11183
2295,1254,11183
2296,1259,11183
2297,5220,11183
2298,5294,11183
2299,8865,11183
2300,8916,11183
2301,9073,11183
2302,11663,11183
2303,11689,11183
2304,11740,11183
2305,11805,11183
2306,12242,11183
2307,317,9149
2308,1254,9149
2309,1259,9149
2310,5220,9149
2311,5294,9149
2312,8865,9149
2313,8916,9149
2314,9073,9149
2315,11663,9149
2316,11689,9149
2317,11740,9149
2318,12848,9149
2319,317,65268
2320,1254,65268
2321,1259,65268
2322,5294,65268
2323,317,10746
2324,1254,10746
2325,1259,10746
2326,5294,10746
2327,8865,10746
2328,8916,10746
2329,11663,10746
2330,11689,10746
2331,317,23387
2332,1254,23387
2333,1259,23387
2334,5294,23387
2335,8865,23387
2336,8916,23387
2337,11663,23387
2338,11689,23387
2339,11805,23387
2340,12242,23387
2341,317,22983
2342,1254,22983
2343,1259,22983
2344,5294,22983
2345,8865,22983
2346,8916,22983
2347,11663,22983
2348,11689,22983
2349,317,23012
2350,1254,23012
2351,1259,23012
2352,5294,23012
2353,8865,23012
2354,8916,23012
2355,11663,23012
2356,11689,23012
2357,317,10000
2358,1254,10000
2359,1259,10000
2360,5220,10000
2361,5294,10000
2362,8865,10000
2363,8916,10000
2364,11663,10000
2365,11689,10000
2366,12218,10000
2367,317,815
2368,1254,815
2369,1259,815
2370,5220,815
2371,5294,815
2372,8865,815
2373,8916,815
2374,9073,815
2375,11663,815
2376,11689,815
2377,11740,815
2378,12848,815
2379,317,6795
2380,1254,6795
2381,1259,6795
2382,5294,6795
2383,8865,6795
2384,8916,6795
2385,11663,6795
2386,11689,6795
2387,317,728642
2388,1254,728642
2389,1259,728642
2390,5294,728642
2391,8865,728642
2392,8916,728642
2393,11663,728642
2394,11689,728642
2395,317,26576
2396,1254,26576
2397,1259,26576
2398,5294,26576
2399,8865,26576
2400,8916,26576
2401,11663,26576
2402,11689,26576
2403,317,9344
2404,1254,9344
2405,1259,9344
2406,5294,9344
2407,8865,9344
2408,8916,9344
2409,9073,9344
2410,11663,9344
2411,11689,9344
2412,317,9874
2413,1254,9874
2414,1259,9874
2415,5294,9874
2416,8865,9874
2417,8916,9874
2418,11663,9874
2419,11689,9874
2420,317,23043
2421,1254,23043
2422,1259,23043
2423,5294,23043
2424,8865,23043
2425,8916,23043
2426,11663,23043
2427,11689,23043
2428,11805,23043
2429,12242,23043
2430,317,27330
2431,1254,27330
2432,1259,27330
2433,5294,27330
2434,8865,27330
2435,8916,27330
2436,11663,27330
2437,11689,27330
2438,12242,27330
2439,317,23604
2440,1254,23604
2441,1259,23604
2442,5294,23604
2443,8865,23604
2444,8916,23604
2445,11663,23604
2446,11689,23604
2447,317,29110
2448,1254,29110
2449,1259,29110
2450,5220,29110
2451,5294,29110
2452,8865,29110
2453,8916,29110
2454,9073,29110
2455,11663,29110
2456,11689,29110
2457,11740,29110
2458,12008,29110
2459,12848,29110
2460,317,285220
2461,1254,285220
2462,1259,285220
2463,5294,285220
2464,8865,285220
2465,8916,285220
2466,11663,285220
2467,11689,285220
2468,317,27347
2469,1254,27347
2470,1259,27347
2471,5294,27347
2472,8865,27347
2473,8916,27347
2474,11663,27347
2475,11689,27347
2476,317,9263
2477,1254,9263
2478,1259,9263
2479,5220,9263
2480,5294,9263
2481,8865,9263
2482,8916,9263
2483,11663,9263
2484,11689,9263
2485,12008,9263
2486,317,6199
2487,1254,6199
2488,1259,6199
2489,5294,6199
2490,317,5298
2491,1254,5298
2492,1259,5298
2493,5294,5298
2494,8865,5298
2495,8916,5298
2496,11663,5298
2497,11666,5298
2498,11689,5298
2499,317,51701
2500,1254,51701
2501,1259,51701
2502,5294,51701
2503,8865,51701
2504,8916,51701
2505,11663,51701
2506,11689,51701
2507,317,440275
2508,1254,440275
2509,1259,440275
2510,5294,440275
2511,8865,440275
2512,8916,440275
2513,11663,440275
2514,11689,440275
2515,317,51765
2516,1254,51765
2517,1259,51765
2518,5294,51765
2519,8865,51765
2520,8916,51765
2521,11663,51765
2522,11689,51765
2523,317,11040
2524,1254,11040
2525,1259,11040
2526,5220,11040
2527,5294,11040
2528,8865,11040
2529,8916,11040
2530,11663,11040
2531,11689,11040
2532,317,4139
2533,1254,4139
2534,1259,4139
2535,5294,4139
2536,8865,4139
2537,8916,4139
2538,11663,4139
2539,11689,4139
2540,12008,4139
2541,317,10769
2542,1254,10769
2543,1259,10769
2544,5294,10769
2545,8865,10769
2546,8916,10769
2547,11663,10769
2548,11689,10769
2549,317,55351
2550,1254,55351
2551,1259,55351
2552,5294,55351
2553,8865,55351
2554,8916,55351
2555,11663,55351
2556,11689,55351
2557,317,51135
2558,1254,51135
2559,1259,51135
2560,5220,51135
2561,5294,51135
2562,8865,51135
2563,8916,51135
2564,11663,51135
2565,11689,51135
2566,12242,51135
2567,317,55589
2568,1254,55589
2569,1259,55589
2570,5294,55589
2571,8865,55589
2572,8916,55589
2573,9073,55589
2574,11663,55589
2575,11689,55589
2576,12242,55589
2577,317,27148
2578,1254,27148
2579,1259,27148
2580,5294,27148
2581,8865,27148
2582,8916,27148
2583,11663,27148
2584,11689,27148
2585,317,26524
2586,1254,26524
2587,1259,26524
2588,5294,26524
2589,8865,26524
2590,8916,26524
2591,11663,26524
2592,11689,26524
2593,317,54861
2594,1254,54861
2595,1259,54861
2596,5294,54861
2597,8865,54861
2598,8916,54861
2599,11663,54861
2600,11689,54861
2601,317,8798
2602,1254,8798
2603,1259,8798
2604,5220,8798
2605,5294,8798
2606,317,56924
2607,1254,56924
2608,1259,56924
2609,5294,56924
2610,8865,56924
2611,8916,56924
2612,11663,56924
2613,11689,56924
2614,317,53944
2615,1254,53944
2616,1259,53944
2617,5220,53944
2618,5294,53944
2619,8865,53944
2620,8916,53944
2621,11663,53944
2622,11689,53944
2623,317,10783
2624,1254,10783
2625,1259,10783
2626,5294,10783
2627,8865,10783
2628,8916,10783
2629,11663,10783
2630,11689,10783
2631,317,10110
2632,1254,10110
2633,1259,10110
2634,5220,10110
2635,5294,10110
2636,317,2872
2637,1254,2872
2638,1259,2872
2639,5220,2872
2640,5294,2872
2641,8865,2872
2642,8916,2872
2643,11663,2872
2644,11689,2872
2645,317,57396
2646,1254,57396
2647,1259,57396
2648,5220,57396
2649,5294,57396
2650,8865,57396
2651,8916,57396
2652,9073,57396
2653,11663,57396
2654,11689,57396
2655,11740,57396
2656,12218,57396
2657,12848,57396
2658,317,1263
2659,1254,1263
2660,1259,1263
2661,5220,1263
2662,5294,1263
2663,8865,1263
2664,8916,1263
2665,11663,1263
2666,11689,1263
2667,317,10114
2668,1254,10114
2669,1259,10114
2670,5294,10114
2671,8865,10114
2672,8916,10114
2673,11663,10114
2674,11689,10114
2675,317,6725
2676,1254,6725
2677,1259,6725
2678,5220,6725
2679,5294,6725
2680,8865,6725
2681,8916,6725
2682,11663,6725
2683,11689,6725
2684,317,28996
2685,1254,28996
2686,1259,28996
2687,5220,28996
2688,5294,28996
2689,8865,28996
2690,8916,28996
2691,11663,28996
2692,11689,28996
2693,317,51347
2694,1254,51347
2695,1259,51347
2696,5294,51347
2697,8865,51347
2698,8916,51347
2699,9073,51347
2700,11663,51347
2701,11689,51347
2702,317,9748
2703,1254,9748
2704,1259,9748
2705,5220,9748
2706,5294,9748
2707,8865,9748
2708,8916,9748
2709,11663,9748
2710,11689,9748
2711,11805,9748
2712,12242,9748
2713,12588,9748
2714,317,85366
2715,1254,85366
2716,1259,85366
2717,5294,85366
2718,8865,85366
2719,8916,85366
2720,11663,85366
2721,11689,85366
2722,317,23235
2723,1254,23235
2724,1259,23235
2725,5294,23235
2726,8865,23235
2727,8916,23235
2728,11663,23235
2729,11689,23235
2730,11805,23235
2731,12242,23235
2732,317,81788
2733,1254,81788
2734,1259,81788
2735,5294,81788
2736,8865,81788
2737,8916,81788
2738,11663,81788
2739,11689,81788
2740,317,85443
2741,1254,85443
2742,1259,85443
2743,5294,85443
2744,8865,85443
2745,8916,85443
2746,11663,85443
2747,11689,85443
2748,317,25865
2749,1254,25865
2750,1259,25865
2751,5220,25865
2752,5294,25865
2753,8865,25865
2754,8916,25865
2755,9073,25865
2756,11663,25865
2757,11689,25865
2758,12218,25865
2759,12242,25865
2760,317,65975
2761,1254,65975
2762,1259,65975
2763,5294,65975
2764,8865,65975
2765,8916,65975
2766,11663,65975
2767,11689,65975
2768,317,65267
2769,1254,65267
2770,1259,65267
2771,5294,65267
2772,317,140803
2773,1259,140803
2774,5294,140803
2775,8865,140803
2776,8916,140803
2777,11663,140803
2778,11689,140803
2779,317,23097
2780,1254,23097
2781,1259,23097
2782,5294,23097
2783,8865,23097
2784,8916,23097
2785,11663,23097
2786,11689,23097
2787,11740,23097
2788,317,55781
2789,1254,55781
2790,1259,55781
2791,5294,55781
2792,8865,55781
2793,8916,55781
2794,11663,55781
2795,11689,55781
2796,317,8569
2797,1254,8569
2798,1259,8569
2799,5294,8569
2800,8865,8569
2801,8916,8569
2802,11663,8569
2803,11689,8569
2804,317,83732
2805,1254,83732
2806,1259,83732
2807,5294,83732
2808,8865,83732
2809,8916,83732
2810,11663,83732
2811,11689,83732
2812,317,27102
2813,1254,27102
2814,1259,27102
2815,5294,27102
2816,8865,27102
2817,8916,27102
2818,11663,27102
2819,11689,27102
2820,317,7443
2821,1254,7443
2822,1259,7443
2823,5294,7443
2824,317,4215
2825,1254,4215
2826,1259,4215
2827,5294,4215
2828,8865,4215
2829,8916,4215
2830,11663,4215
2831,11689,4215
2832,317,8394
2833,1254,8394
2834,1259,8394
2835,5294,8394
2836,8865,8394
2837,8916,8394
2838,11663,8394
2839,11689,8394
2840,317,9088
2841,1254,9088
2842,1259,9088
2843,5294,9088
2844,8865,9088
2845,8916,9088
2846,11663,9088
2847,11689,9088
2848,11740,9088
2849,317,6732
2850,1254,6732
2851,1259,6732
2852,5220,6732
2853,5294,6732
2854,8865,6732
2855,8916,6732
2856,11663,6732
2857,11689,6732
2858,317,10645
2859,1254,10645
2860,1259,10645
2861,5294,10645
2862,8865,10645
2863,8916,10645
2864,11663,10645
2865,11689,10645
2866,317,23178
2867,1254,23178
2868,1259,23178
2869,5294,23178
2870,317,65061
2871,1254,65061
2872,1259,65061
2873,5294,65061
2874,8865,65061
2875,8916,65061
2876,11663,65061
2877,11689,65061
2878,317,4750
2879,1254,4750
2880,1259,4750
2881,5294,4750
2882,8865,4750
2883,8916,4750
2884,11663,4750
2885,11689,4750
2886,317,23617
2887,1254,23617
2888,1259,23617
2889,5220,23617
2890,5294,23617
2891,317,57172
2892,1254,57172
2893,1259,57172
2894,5294,57172
2895,8865,57172
2896,8916,57172
2897,11663,57172
2898,11689,57172
2899,317,57787
2900,1254,57787
2901,1259,57787
2902,5294,57787
2903,8865,57787
2904,8916,57787
2905,11663,57787
2906,11689,57787
2907,12242,57787
2908,317,55872
2909,1254,55872
2910,1259,55872
2911,5220,55872
2912,5294,55872
2913,317,23678
2914,1254,23678
2915,1259,23678
2916,5294,23678
2917,8865,23678
2918,8916,23678
2919,11663,23678
2920,11689,23678
2921,317,11184
2922,1254,11184
2923,1259,11184
2924,5294,11184
2925,8865,11184
2926,8916,11184
2927,11663,11184
2928,11689,11184
2929,12242,11184
2930,317,8999
2931,1254,8999
2932,1259,8999
2933,5294,8999
2934,8865,8999
2935,8916,8999
2936,11663,8999
2937,11689,8999
2938,317,8445
2939,1254,8445
2940,1259,8445
2941,5294,8445
2942,8865,8445
2943,8916,8445
2944,11663,8445
2945,11689,8445
2946,317,140469
2947,1254,140469
2948,1259,140469
2949,5294,140469
2950,8865,140469
2951,8916,140469
2952,11663,140469
2953,11689,140469
2954,317,202374
2955,1254,202374
2956,1259,202374
2957,5294,202374
2958,8865,202374
2959,8916,202374
2960,11663,202374
2961,11689,202374
2962,317,131890
2963,1254,131890
2964,1259,131890
2965,5294,131890
2966,8865,131890
2967,8916,131890
2968,11663,131890
2969,11689,131890
2970,317,140609
2971,1254,140609
2972,1259,140609
2973,5294,140609
2974,8865,140609
2975,8916,140609
2976,11663,140609
2977,11689,140609
2978,317,140901
2979,1254,140901
2980,1259,140901
2981,5294,140901
2982,8865,140901
2983,8916,140901
2984,11663,140901
2985,11689,140901
2986,317,84446
2987,1254,84446
2988,1259,84446
2989,5220,84446
2990,5294,84446
2991,8865,84446
2992,8916,84446
2993,11663,84446
2994,11689,84446
2995,317,91754
2996,1254,91754
2997,1259,91754
2998,5294,91754
2999,8865,91754
3000,8916,91754
3001,11663,91754
3002,11689,91754
3003,317,225689
3004,1254,225689
3005,1259,225689
3006,5294,225689
3007,8865,225689
3008,8916,225689
3009,11663,225689
3010,11689,225689
3011,317,79837
3012,1254,79837
3013,1259,79837
3014,5294,79837
3015,8865,79837
3016,8916,79837
3017,9073,79837
3018,11663,79837
3019,11689,79837
3020,317,79858
3021,1254,79858
3022,1259,79858
3023,5294,79858
3024,8865,79858
3025,8916,79858
3026,11663,79858
3027,11689,79858
3028,317,255239
3029,1254,255239
3030,1259,255239
3031,5294,255239
3032,8865,255239
3033,8916,255239
3034,11663,255239
3035,11689,255239
3036,317,53904
3037,1254,53904
3038,1259,53904
3039,5294,53904
3040,8865,53904
3041,8916,53904
3042,11663,53904
3043,11689,53904
3044,317,147746
3045,1254,147746
3046,1259,147746
3047,5220,147746
3048,5294,147746
3049,8865,147746
3050,8916,147746
3051,11663,147746
3052,11689,147746
3053,317,122011
3054,1254,122011
3055,1259,122011
3056,5294,122011
3057,8865,122011
3058,8916,122011
3059,11663,122011
3060,11689,122011
3061,317,84254
3062,1254,84254
3063,1259,84254
3064,5294,84254
3065,8865,84254
3066,8916,84254
3067,11663,84254
3068,11689,84254
3069,317,166614
3070,1254,166614
3071,1259,166614
3072,5294,166614
3073,8865,166614
3074,8916,166614
3075,11663,166614
3076,11689,166614
3077,317,50488
3078,1254,50488
3079,1259,50488
3080,5220,50488
3081,5294,50488
3082,8865,50488
3083,8916,50488
3084,11663,50488
3085,11689,50488
3086,11740,50488
3087,12008,50488
3088,317,9706
3089,1254,9706
3090,1259,9706
3091,5294,9706
3092,8865,9706
3093,8916,9706
3094,11663,9706
3095,11689,9706
3096,317,167359
3097,1254,167359
3098,1259,167359
3099,5294,167359
3100,8865,167359
3101,8916,167359
3102,11663,167359
3103,11689,167359
3104,317,9024
3105,1254,9024
3106,1259,9024
3107,5294,9024
3108,8865,9024
3109,8916,9024
3110,11663,9024
3111,11689,9024
3112,317,8550
3113,1254,8550
3114,1259,8550
3115,5220,8550
3116,5294,8550
3117,8865,8550
3118,8916,8550
3119,11663,8550
3120,11689,8550
3121,317,51265
3122,1254,51265
3123,1259,51265
3124,5294,51265
3125,8865,51265
3126,8916,51265
3127,11663,51265
3128,11689,51265
3129,317,8491
3130,1254,8491
3131,1259,8491
3132,5294,8491
3133,8865,8491
3134,8916,8491
3135,11663,8491
3136,11689,8491
3137,12218,8491
3138,12242,8491
3139,317,51231
3140,1254,51231
3141,317,57118
3142,1254,57118
3143,1259,57118
3144,5220,57118
3145,5294,57118
3146,8865,57118
3147,8916,57118
3148,9073,57118
3149,11663,57118
3150,11689,57118
3151,11740,57118
3152,12848,57118
3153,317,204851
3154,1254,204851
3155,1259,204851
3156,5294,204851
3157,8865,204851
3158,8916,204851
3159,11663,204851
3160,11689,204851
3161,317,340156
3162,1254,340156
3163,1259,340156
3164,5294,340156
3165,8865,340156
3166,8916,340156
3167,11663,340156
3168,11689,340156
3169,11925,340156
3170,317,7444
3171,1254,7444
3172,1259,7444
3173,5294,7444
3174,8865,7444
3175,8916,7444
3176,11663,7444
3177,11689,7444
3178,317,415116
3179,1254,415116
3180,1259,415116
3181,5220,415116
3182,5294,415116
3183,8865,415116
3184,8916,415116
3185,11663,415116
3186,11689,415116
3187,317,282974
3188,1254,282974
3189,1259,282974
3190,5294,282974
3191,8865,282974
3192,8916,282974
3193,11663,282974
3194,11689,282974
3195,317,11011
3196,1254,11011
3197,1259,11011
3198,5294,11011
3199,8865,11011
3200,8916,11011
3201,11663,11011
3202,11689,11011
3203,317,57551
3204,1254,57551
3205,1259,57551
3206,5220,57551
3207,5294,57551
3208,8865,57551
3209,8916,57551
3210,9073,57551
3211,11663,57551
3212,11689,57551
3213,11740,57551
3214,12848,57551
3215,317,2011
3216,1254,2011
3217,1259,2011
3218,5294,2011
3219,8865,2011
3220,8916,2011
3221,11663,2011
3222,11689,2011
3223,12242,2011
3224,317,389840
3225,1254,389840
3226,1259,389840
3227,5294,389840
3228,8865,389840
3229,8916,389840
3230,11663,389840
3231,11689,389840
3232,317,25778
3233,1254,25778
3234,1259,25778
3235,5294,25778
3236,8865,25778
3237,8916,25778
3238,11663,25778
3239,11689,25778
3240,317,25989
3241,1254,25989
3242,1259,25989
3243,5294,25989
3244,8865,25989
3245,8916,25989
3246,11663,25989
3247,11689,25989
3248,12242,25989
3249,317,341676
3250,1254,341676
3251,1259,341676
3252,5294,341676
3253,8865,341676
3254,8916,341676
3255,11663,341676
3256,11689,341676
3257,317,55561
3258,1254,55561
3259,1259,55561
3260,5294,55561
3261,8865,55561
3262,8916,55561
3263,11663,55561
3264,11689,55561
3265,317,8476
3266,1254,8476
3267,1259,8476
3268,5220,8476
3269,5294,8476
3270,8865,8476
3271,8916,8476
3272,11663,8476
3273,11689,8476
3274,317,120892
3275,1254,120892
3276,1259,120892
3277,5220,120892
3278,5294,120892
3279,8865,120892
3280,8916,120892
3281,9073,120892
3282,11663,120892
3283,11689,120892
3284,11740,120892
3285,12848,120892
3286,317,51086
3287,1254,51086
3288,1259,51086
3289,5294,51086
3290,8865,51086
3291,8916,51086
3292,11663,51086
3293,11689,51086
3294,317,80122
3295,1254,80122
3296,1259,80122
3297,5294,80122
3298,8865,80122
3299,8916,80122
3300,11663,80122
3301,11689,80122
3302,317,388228
3303,1254,388228
3304,1259,388228
3305,5294,388228
3306,8865,388228
3307,8916,388228
3308,11663,388228
3309,11689,388228
3310,317,91807
3311,1254,91807
3312,1259,91807
3313,5294,91807
3314,8865,91807
3315,8916,91807
3316,11663,91807
3317,11689,91807
3318,12242,91807
3319,317,22848
3320,1254,22848
3321,1259,22848
3322,5294,22848
3323,8865,22848
3324,8916,22848
3325,9073,22848
3326,11663,22848
3327,11689,22848
3328,12242,22848
3329,317,4921
3330,1254,4921
3331,1259,4921
3332,5294,4921
3333,8865,4921
3334,8916,4921
3335,11663,4921
3336,11689,4921
3337,11805,4921
3338,317,5260
3339,1254,5260
3340,1259,5260
3341,5294,5260
3342,8865,5260
3343,8916,5260
3344,11663,5260
3345,11689,5260
3346,317,5597
3347,1254,5597
3348,1259,5597
3349,5294,5597
3350,8865,5597
3351,8916,5597
3352,9073,5597
3353,11663,5597
3354,11689,5597
3355,317,7867
3356,1254,7867
3357,1259,7867
3358,5220,7867
3359,5294,7867
3360,317,4915
3361,1254,4915
3362,1259,4915
3363,5220,4915
3364,5294,4915
3365,8865,4915
3366,8916,4915
3367,9073,4915
3368,11663,4915
3369,11689,4915
3370,11740,4915
3371,12848,4915
3372,317,4296
3373,1254,4296
3374,1259,4296
3375,5294,4296
3376,8865,4296
3377,8916,4296
3378,11663,4296
3379,11689,4296
3380,11740,4296
3381,12218,4296
3382,12242,4296
3383,317,814
3384,1254,814
3385,1259,814
3386,5294,814
3387,8865,814
3388,8916,814
3389,11663,814
3390,11689,814
3391,317,5586
3392,1254,5586
3393,1259,5586
3394,5220,5586
3395,5294,5586
3396,8865,5586
3397,8916,5586
3398,11663,5586
3399,11689,5586
3400,11740,5586
3401,12242,5586
3402,317,5585
3403,1254,5585
3404,1259,5585
3405,5294,5585
3406,8865,5585
3407,8916,5585
3408,11663,5585
3409,11689,5585
3410,12218,5585
3411,12242,5585
3412,317,4916
3413,1254,4916
3414,1259,4916
3415,5220,4916
3416,5294,4916
3417,8865,4916
3418,8916,4916
3419,9073,4916
3420,11663,4916
3421,11689,4916
3422,11740,4916
3423,12848,4916
3424,317,6011
3425,1254,6011
3426,1259,6011
3427,5294,6011
3428,8865,6011
3429,8916,6011
3430,11663,6011
3431,11689,6011
3432,317,6794
3433,1254,6794
3434,1259,6794
3435,5294,6794
3436,8865,6794
3437,8916,6794
3438,11663,6794
3439,11689,6794
3440,12588,6794
3441,317,5600
3442,1254,5600
3443,1259,5600
3444,5294,5600
3445,8865,5600
3446,8916,5600
3447,11663,5600
3448,11689,5600
3449,317,4638
3450,1254,4638
3451,1259,4638
3452,5294,4638
3453,8865,4638
3454,8916,4638
3455,11663,4638
3456,11689,4638
3457,317,7016
3458,1254,7016
3459,1259,7016
3460,5294,7016
3461,8865,7016
3462,8916,7016
3463,11663,7016
3464,11689,7016
3465,317,6195
3466,1254,6195
3467,1259,6195
3468,5294,6195
3469,8865,6195
3470,8916,6195
3471,11663,6195
3472,11689,6195
3473,317,2045
3474,1254,2045
3475,1259,2045
3476,5294,2045
3477,8865,2045
3478,8916,2045
3479,11663,2045
3480,11689,2045
3481,317,6196
3482,1254,6196
3483,1259,6196
3484,5294,6196
3485,8865,6196
3486,8916,6196
3487,11663,6196
3488,11689,6196
3489,12218,6196
3490,317,11329
3491,1254,11329
3492,1259,11329
3493,5294,11329
3494,8865,11329
3495,8916,11329
3496,11663,11329
3497,11689,11329
3498,317,5587
3499,1254,5587
3500,1259,5587
3501,5294,5587
3502,8865,5587
3503,8916,5587
3504,11663,5587
3505,11689,5587
3506,317,9833
3507,1254,9833
3508,1259,9833
3509,5220,9833
3510,5294,9833
3511,8865,9833
3512,8916,9833
3513,11663,9833
3514,11689,9833
3515,12008,9833
3516,12242,9833
3517,317,2185
3518,1254,2185
3519,1259,2185
3520,5294,2185
3521,8865,2185
3522,8916,2185
3523,11663,2185
3524,11689,2185
3525,12242,2185
3526,12588,2185
3527,317,9641
3528,1254,9641
3529,1259,9641
3530,5220,9641
3531,5294,9641
3532,8865,9641
3533,8916,9641
3534,9073,9641
3535,11663,9641
3536,11689,9641
3537,11740,9641
3538,12848,9641
3539,317,8536
3540,1254,8536
3541,1259,8536
3542,5220,8536
3543,5294,8536
3544,8865,8536
3545,8916,8536
3546,11663,8536
3547,11689,8536
3548,317,8621
3549,1254,8621
3550,1259,8621
3551,5294,8621
3552,8865,8621
3553,8916,8621
3554,11663,8621
3555,11689,8621
3556,317,5592
3557,1254,5592
3558,1259,5592
3559,5220,5592
3560,5294,5592
3561,8865,5592
3562,8916,5592
3563,11663,5592
3564,11689,5592
3565,12218,5592
3566,317,5753
3567,1254,5753
3568,1259,5753
3569,5220,5753
3570,8865,5753
3571,8916,5753
3572,11663,5753
3573,11689,5753
3574,11805,5753
3575,12183,5753
3576,12242,5753
3577,317,659
3578,1254,659
3579,1259,659
3580,5294,659
3581,8865,659
3582,8916,659
3583,11663,659
3584,11689,659
3585,317,93
3586,1254,93
3587,1259,93
3588,5294,93
3589,8865,93
3590,8916,93
3591,11663,93
3592,11689,93
3593,11805,93
3594,12242,93
3595,317,1859
3596,1254,1859
3597,1259,1859
3598,5220,1859
3599,5294,1859
3600,8865,1859
3601,8916,1859
3602,9073,1859
3603,11663,1859
3604,11689,1859
3605,12242,1859
3606,12848,1859
3607,317,817
3608,1254,817
3609,1259,817
3610,5220,817
3611,5294,817
3612,8865,817
3613,8916,817
3614,11663,817
3615,11689,817
3616,317,818
3617,1254,818
3618,1259,818
3619,5220,818
3620,5294,818
3621,8865,818
3622,8916,818
3623,11663,818
3624,11689,818
3625,317,816
3626,1254,816
3627,1259,816
3628,5220,816
3629,5294,816
3630,8865,816
3631,8916,816
3632,11663,816
3633,11689,816
3634,317,8737
3635,1254,8737
3636,1259,8737
3637,5294,8737
3638,8865,8737
3639,8916,8737
3640,11663,8737
3641,11689,8737
3642,317,8899
3643,1254,8899
3644,1259,8899
3645,5294,8899
3646,8865,8899
3647,8916,8899
3648,11663,8899
3649,11689,8899
3650,317,8711
3651,1254,8711
3652,1259,8711
3653,5220,8711
3654,5294,8711
3655,8865,8711
3656,8916,8711
3657,11663,8711
3658,11689,8711
3659,12588,8711
3660,317,5593
3661,1254,5593
3662,1259,5593
3663,5220,5593
3664,5294,5593
3665,8865,5593
3666,8916,5593
3667,11663,5593
3668,11689,5593
3669,317,4214
3670,1254,4214
3671,1259,4214
3672,5294,4214
3673,8865,4214
3674,8916,4214
3675,11663,4214
3676,11689,4214
3677,317,6788
3678,1254,6788
3679,1259,6788
3680,5220,6788
3681,5294,6788
3682,8865,6788
3683,8916,6788
3684,11663,6788
3685,11689,6788
3686,11740,6788
3687,12242,6788
3688,12588,6788
3689,317,5598
3690,1254,5598
3691,1259,5598
3692,5294,5598
3693,8865,5598
3694,8916,5598
3695,11663,5598
3696,11689,5598
3697,317,5607
3698,1254,5607
3699,1259,5607
3700,5294,5607
3701,8865,5607
3702,8916,5607
3703,11663,5607
3704,11689,5607
3705,12242,5607
3706,317,5058
3707,1254,5058
3708,1259,5058
3709,5220,5058
3710,5294,5058
3711,8865,5058
3712,8916,5058
3713,11663,5058
3714,11689,5058
3715,317,5562
3716,1254,5562
3717,1259,5562
3718,5220,5562
3719,5294,5562
3720,8865,5562
3721,8916,5562
3722,9073,5562
3723,11663,5562
3724,11689,5562
3725,11740,5562
3726,12218,5562
3727,12242,5562
3728,12848,5562
3729,317,6789
3730,1254,6789
3731,1259,6789
3732,5294,6789
3733,8865,6789
3734,8916,6789
3735,11663,6789
3736,11689,6789
3737,12242,6789
3738,12588,6789
3739,317,10461
3740,1229,10461
3741,1254,10461
3742,1259,10461
3743,5294,10461
3744,8865,10461
3745,8916,10461
3746,11663,10461
3747,11689,10461
3748,317,7786
3749,1254,7786
3750,1259,7786
3751,5294,7786
3752,8865,7786
3753,8916,7786
3754,11663,7786
3755,11689,7786
3756,317,5871
3757,1254,5871
3758,1259,5871
3759,5220,5871
3760,5294,5871
3761,8865,5871
3762,8916,5871
3763,9073,5871
3764,11663,5871
3765,11689,5871
3766,11740,5871
3767,12242,5871
3768,12848,5871
3769,317,1760
3770,1254,1760
3771,1259,1760
3772,5294,1760
3773,8865,1760
3774,8916,1760
3775,11663,1760
3776,11689,1760
3777,317,780
3778,1254,780
3779,1259,780
3780,5294,780
3781,8865,780
3782,8916,780
3783,11663,780
3784,11689,780
3785,11805,780
3786,317,10188
3787,1254,10188
3788,1259,10188
3789,5220,10188
3790,5294,10188
3791,8865,10188
3792,8916,10188
3793,9073,10188
3794,11663,10188
3795,11689,10188
3796,11740,10188
3797,11805,10188
3798,12242,10188
3799,12588,10188
3800,12848,10188
3801,317,5129
3802,1254,5129
3803,1259,5129
3804,5294,5129
3805,8865,5129
3806,8916,5129
3807,11663,5129
3808,11689,5129
3809,317,7301
3810,1254,7301
3811,1259,7301
3812,5220,7301
3813,5294,7301
3814,8865,7301
3815,8916,7301
3816,9073,7301
3817,11663,7301
3818,11689,7301
3819,11740,7301
3820,12848,7301
3821,317,695
3822,1259,695
3823,5220,695
3824,5294,695
3825,8865,695
3826,8916,695
3827,9073,695
3828,11663,695
3829,11689,695
3830,11740,695
3831,11805,695
3832,12242,695
3833,12848,695
3834,317,5580
3835,1254,5580
3836,1259,5580
3837,5220,5580
3838,5294,5580
3839,8865,5580
3840,8916,5580
3841,11663,5580
3842,11689,5580
3843,12218,5580
3844,12242,5580
3845,317,5590
3846,1254,5590
3847,1259,5590
3848,5220,5590
3849,317,4486
3850,1254,4486
3851,1259,4486
3852,5220,4486
3853,5294,4486
3854,8865,4486
3855,8916,4486
3856,9073,4486
3857,11663,4486
3858,11689,4486
3859,11740,4486
3860,12848,4486
3861,317,90
3862,1254,90
3863,1259,90
3864,5220,90
3865,5294,90
3866,8865,90
3867,8916,90
3868,9073,90
3869,11663,90
3870,11689,90
3871,11740,90
3872,12848,90
3873,317,5588
3874,1254,5588
3875,1259,5588
3876,5220,5588
3877,5294,5588
3878,8865,5588
3879,8916,5588
3880,9073,5588
3881,11663,5588
3882,11689,5588
3883,11740,5588
3884,12218,5588
3885,12848,5588
3886,317,4294
3887,1254,4294
3888,1259,4294
3889,5294,4294
3890,8865,4294
3891,8916,4294
3892,11663,4294
3893,11689,4294
3894,317,7010
3895,1254,7010
3896,1259,7010
3897,8865,7010
3898,8916,7010
3899,11663,7010
3900,11689,7010
3901,317,5581
3902,1254,5581
3903,1259,5581
3904,5294,5581
3905,8865,5581
3906,8916,5581
3907,11663,5581
3908,11689,5581
3909,317,4661
3910,1254,4661
3911,1259,4661
3912,317,5128
3913,1254,5128
3914,1259,5128
3915,5294,5128
3916,8865,5128
3917,8916,5128
3918,9073,5128
3919,11663,5128
3920,11689,5128
3921,317,5127
3922,1254,5127
3923,1259,5127
3924,5294,5127
3925,8865,5127
3926,8916,5127
3927,9073,5127
3928,11663,5127
3929,11689,5127
3930,11740,5127
3931,317,1020
3932,1254,1020
3933,1259,1020
3934,5220,1020
3935,5294,1020
3936,8865,1020
3937,8916,1020
3938,9073,1020
3939,11663,1020
3940,11689,1020
3941,11740,1020
3942,12848,1020
3943,317,1021
3944,1254,1021
3945,1259,1021
3946,5294,1021
3947,317,8814
3948,1254,8814
3949,1259,8814
3950,5294,8814
3951,8865,8814
3952,8916,8814
3953,11663,8814
3954,11689,8814
3955,317,1018
3956,1254,1018
3957,1259,1018
3958,5294,1018
3959,8865,1018
3960,8916,1018
3961,11663,1018
3962,11689,1018
3963,12242,1018
3964,12588,1018
3965,317,4293
3966,1254,4293
3967,1259,4293
3968,5294,4293
3969,8865,4293
3970,8916,4293
3971,11663,4293
3972,11689,4293
3973,12008,4293
3974,317,1455
3975,1254,1455
3976,1259,1455
3977,5220,1455
3978,5294,1455
3979,8865,1455
3980,8916,1455
3981,11663,1455
3982,11689,1455
3983,317,6733
3984,1254,6733
3985,1259,6733
3986,5294,6733
3987,8865,6733
3988,8916,6733
3989,11663,6733
3990,11689,6733
3991,317,8396
3992,1254,8396
3993,1259,8396
3994,5294,8396
3995,8865,8396
3996,8916,8396
3997,11663,8396
3998,11689,8396
3999,317,1457
4000,1254,1457
4001,1259,1457
4002,5220,1457
4003,5294,1457
4004,8865,1457
4005,8916,1457
4006,11663,1457
4007,11689,1457
4008,317,54101
4009,1254,54101
4010,1259,54101
4011,5294,54101
4012,8865,54101
4013,8916,54101
4014,11663,54101
4015,11689,54101
4016,317,150094
4017,1254,150094
4018,1259,150094
4019,5294,150094
4020,8865,150094
4021,8916,150094
4022,11663,150094
4023,11689,150094
4024,12008,150094
4025,317,30811
4026,1254,30811
4027,1259,30811
4028,5294,30811
4029,8865,30811
4030,8916,30811
4031,11663,30811
4032,11689,30811
4033,317,23621
4034,317,2043
4035,1254,2043
4036,1259,2043
4037,5220,2043
4038,5294,2043
4039,8865,2043
4040,8916,2043
4041,11663,2043
4042,11689,2043
4043,11805,2043
4044,12183,2043
4045,317,2047
4046,1254,2047
4047,1259,2047
4048,5294,2047
4049,8865,2047
4050,8916,2047
4051,11663,2047
4052,11689,2047
4053,317,2050
4054,1259,2050
4055,5220,2050
4056,5294,2050
4057,8865,2050
4058,8916,2050
4059,11663,2050
4060,11689,2050
4061,11805,2050
4062,12183,2050
4063,317,2044
4064,1259,2044
4065,5294,2044
4066,8865,2044
4067,8916,2044
4068,11663,2044
4069,11689,2044
4070,11805,2044
4071,12183,2044
4072,317,2049
4073,1254,2049
4074,1259,2049
4075,5294,2049
4076,8865,2049
4077,8916,2049
4078,11663,2049
4079,11689,2049
4080,317,5563
4081,1254,5563
4082,1259,5563
4083,5294,5563
4084,8865,5563
4085,8916,5563
4086,11663,5563
4087,11689,5563
4088,317,5602
4089,1254,5602
4090,1259,5602
4091,5294,5602
4092,8865,5602
4093,8916,5602
4094,11663,5602
4095,11689,5602
4096,317,6300
4097,1254,6300
4098,1259,6300
4099,5220,6300
4100,5294,6300
4101,8865,6300
4102,8916,6300
4103,11663,6300
4104,11689,6300
4105,317,3985
4106,1254,3985
4107,1259,3985
4108,5294,3985
4109,8865,3985
4110,8916,3985
4111,9073,3985
4112,11663,3985
4113,11689,3985
4114,12218,3985
4115,317,3984
4116,1254,3984
4117,1259,3984
4118,5220,3984
4119,5294,3984
4120,8865,3984
4121,8916,3984
4122,9073,3984
4123,11663,3984
4124,11689,3984
4125,11740,3984
4126,12218,3984
4127,12848,3984
4128,317,1612
4129,1254,1612
4130,1259,1612
4131,5294,1612
4132,8865,1612
4133,8916,1612
4134,11663,1612
4135,11689,1612
4136,317,5608
4137,1254,5608
4138,1259,5608
4139,5294,5608
4140,8865,5608
4141,8916,5608
4142,11663,5608
4143,11689,5608
4144,317,6787
4145,1254,6787
4146,1259,6787
4147,5220,6787
4148,5294,6787
4149,8865,6787
4150,8916,6787
4151,11663,6787
4152,11689,6787
4153,317,4752
4154,1254,4752
4155,1259,4752
4156,5294,4752
4157,8865,4752
4158,8916,4752
4159,11663,4752
4160,11689,4752
4161,11740,4752
4162,317,4751
4163,1254,4751
4164,1259,4751
4165,5220,4751
4166,5294,4751
4167,8865,4751
4168,8916,4751
4169,9073,4751
4170,11663,4751
4171,11689,4751
4172,11740,4751
4173,12848,4751
4174,317,5613
4175,1254,5613
4176,1259,5613
4177,5220,5613
4178,5294,5613
4179,8865,5613
4180,8916,5613
4181,9073,5613
4182,11663,5613
4183,11689,5613
4184,11740,5613
4185,12218,5613
4186,12848,5613
4187,317,660
4188,1254,660
4189,1259,660
4190,5294,660
4191,8865,660
4192,8916,660
4193,11663,660
4194,11689,660
4195,317,6197
4196,1254,6197
4197,1259,6197
4198,5220,6197
4199,5294,6197
4200,8865,6197
4201,8916,6197
4202,9073,6197
4203,11663,6197
4204,11689,6197
4205,11740,6197
4206,12218,6197
4207,12848,6197
4208,317,3654
4209,1254,3654
4210,1259,3654
4211,5220,3654
4212,5294,3654
4213,8865,3654
4214,8916,3654
4215,11663,3654
4216,11689,3654
4217,317,640
4218,1254,640
4219,1259,640
4220,5220,640
4221,5294,640
4222,8865,640
4223,8916,640
4224,11663,640
4225,11689,640
4226,317,1025
4227,1254,1025
4228,1259,1025
4229,5220,1025
4230,5294,1025
4231,8865,1025
4232,8916,1025
4233,9073,1025
4234,11663,1025
4235,11689,1025
4236,12848,1025
4237,317,1022
4238,1254,1022
4239,1259,1022
4240,5220,1022
4241,5294,1022
4242,8865,1022
4243,8916,1022
4244,9073,1022
4245,11663,1022
4246,11689,1022
4247,11740,1022
4248,12848,1022
4249,317,1198
4250,1254,1198
4251,1259,1198
4252,5294,1198
4253,8865,1198
4254,8916,1198
4255,11663,1198
4256,11689,1198
4257,317,1196
4258,1254,1196
4259,1259,1196
4260,5220,1196
4261,5294,1196
4262,8865,1196
4263,8916,1196
4264,9073,1196
4265,11663,1196
4266,11689,1196
4267,11740,1196
4268,12848,1196
4269,317,1195
4270,1254,1195
4271,1259,1195
4272,5294,1195
4273,8865,1195
4274,8916,1195
4275,9073,1195
4276,11663,1195
4277,11689,1195
4278,12218,1195
4279,317,1454
4280,1254,1454
4281,1259,1454
4282,5294,1454
4283,8865,1454
4284,8916,1454
4285,11663,1454
4286,11689,1454
4287,317,1024
4288,1254,1024
4289,1259,1024
4290,5220,1024
4291,5294,1024
4292,8865,1024
4293,8916,1024
4294,9073,1024
4295,11663,1024
4296,11689,1024
4297,11740,1024
4298,12848,1024
4299,317,7182
4300,1254,7182
4301,1259,7182
4302,5294,7182
4303,317,1453
4304,1254,1453
4305,1259,1453
4306,5220,1453
4307,5294,1453
4308,8865,1453
4309,8916,1453
4310,11663,1453
4311,11689,1453
4312,317,1452
4313,1254,1452
4314,1259,1452
4315,5220,1452
4316,5294,1452
4317,8865,1452
4318,8916,1452
4319,9073,1452
4320,11663,1452
4321,11689,1452
4322,11740,1452
4323,12848,1452
4324,317,5606
4325,1254,5606
4326,1259,5606
4327,5294,5606
4328,8865,5606
4329,8916,5606
4330,11663,5606
4331,11689,5606
4332,317,6416
4333,1254,6416
4334,1259,6416
4335,5294,6416
4336,8865,6416
4337,8916,6416
4338,9073,6416
4339,11663,6416
4340,11689,6416
4341,317,7535
4342,1254,7535
4343,1259,7535
4344,5294,7535
4345,8865,7535
4346,8916,7535
4347,11663,7535
4348,11689,7535
4349,317,2870
4350,1254,2870
4351,1259,2870
4352,5294,2870
4353,317,2444
4354,1259,2444
4355,5220,2444
4356,5294,2444
4357,8865,2444
4358,8916,2444
4359,11663,2444
4360,11689,2444
4361,11805,2444
4362,12242,2444
4363,317,27
4364,1259,27
4365,5220,27
4366,5294,27
4367,8865,27
4368,8916,27
4369,11663,27
4370,11689,27
4371,11805,27
4372,12242,27
4373,317,7294
4374,1254,7294
4375,1259,7294
4376,5294,7294
4377,8865,7294
4378,8916,7294
4379,11663,7294
4380,11689,7294
4381,317,7006
4382,1254,7006
4383,1259,7006
4384,5294,7006
4385,8865,7006
4386,8916,7006
4387,11663,7006
4388,11689,7006
4389,12242,7006
4390,317,4145
4391,1254,4145
4392,1259,4145
4393,5220,4145
4394,5294,4145
4395,8865,4145
4396,8916,4145
4397,11663,4145
4398,11689,4145
4399,317,5584
4400,1254,5584
4401,1259,5584
4402,5220,5584
4403,5294,5584
4404,8865,5584
4405,8916,5584
4406,11663,5584
4407,11689,5584
4408,317,1326
4409,1254,1326
4410,1259,1326
4411,5294,1326
4412,317,7048
4413,1254,7048
4414,1259,7048
4415,5294,7048
4416,8865,7048
4417,8916,7048
4418,11663,7048
4419,11689,7048
4420,317,94
4421,1254,94
4422,1259,94
4423,5294,94
4424,8865,94
4425,8916,94
4426,11663,94
4427,11689,94
4428,317,7046
4429,1254,7046
4430,1259,7046
4431,5294,7046
4432,8865,7046
4433,8916,7046
4434,11663,7046
4435,11689,7046
4436,11805,7046
4437,317,91
4438,1254,91
4439,1259,91
4440,5294,91
4441,8865,91
4442,8916,91
4443,11663,91
4444,11689,91
4445,11805,91
4446,317,657
4447,1254,657
4448,1259,657
4449,5294,657
4450,8865,657
4451,8916,657
4452,11663,657
4453,11689,657
4454,11805,657
4455,317,2322
4456,1254,2322
4457,1259,2322
4458,5220,2322
4459,5294,2322
4460,8865,2322
4461,8916,2322
4462,9073,2322
4463,11663,2322
4464,11689,2322
4465,11740,2322
4466,11805,2322
4467,12588,2322
4468,12848,2322
4469,317,5605
4470,1254,5605
4471,1259,5605
4472,5220,5605
4473,5294,5605
4474,8865,5605
4475,8916,5605
4476,9073,5605
4477,11663,5605
4478,11740,5605
4479,12242,5605
4480,12848,5605
4481,317,3791
4482,1254,3791
4483,1259,3791
4484,5220,3791
4485,5294,3791
4486,8865,3791
4487,8916,3791
4488,9073,3791
4489,11663,3791
4490,11689,3791
4491,11805,3791
4492,12247,3791
4493,12848,3791
4494,317,2324
4495,1254,2324
4496,1259,2324
4497,5294,2324
4498,8865,2324
4499,8916,2324
4500,11663,2324
4501,11689,2324
4502,11805,2324
4503,317,7075
4504,1254,7075
4505,1259,7075
4506,5294,7075
4507,8865,7075
4508,8916,7075
4509,11663,7075
4510,11689,7075
4511,317,2869
4512,1254,2869
4513,1259,2869
4514,5220,2869
4515,5294,2869
4516,9073,2869
4517,11740,2869
4518,12848,2869
4519,317,7272
4520,1254,7272
4521,1259,7272
4522,5294,7272
4523,8865,7272
4524,8916,7272
4525,11663,7272
4526,11689,7272
4527,317,2868
4528,1254,2868
4529,1259,2868
4530,5294,2868
4531,8865,2868
4532,8916,2868
4533,11663,2868
4534,11689,2868
4535,317,5596
4536,1254,5596
4537,1259,5596
4538,5294,5596
4539,8865,5596
4540,8916,5596
4541,11663,5596
4542,11689,5596
4543,317,7465
4544,1254,7465
4545,1259,7465
4546,5294,7465
4547,8865,7465
4548,8916,7465
4549,9073,7465
4550,11663,7465
4551,11689,7465
4552,317,7297
4553,1254,7297
4554,1259,7297
4555,5220,7297
4556,5294,7297
4557,8865,7297
4558,8916,7297
4559,11663,7297
4560,11689,7297
4561,317,4058
4562,1254,4058
4563,1259,4058
4564,5220,4058
4565,5294,4058
4566,8865,4058
4567,8916,4058
4568,9073,4058
4569,11663,4058
4570,11689,4058
4571,11740,4058
4572,12848,4058
4573,317,2048
4574,1254,2048
4575,1259,2048
4576,5294,2048
4577,8865,2048
4578,8916,2048
4579,11663,2048
4580,11689,2048
4581,11805,2048
4582,12183,2048
4583,317,2046
4584,1254,2046
4585,1259,2046
4586,5294,2046
4587,8865,2046
4588,8916,2046
4589,11663,2046
4590,11689,2046
4591,317,2042
4592,1254,2042
4593,1259,2042
4594,5294,2042
4595,8865,2042
4596,8916,2042
4597,11663,2042
4598,11689,2042
4599,317,1969
4600,1259,1969
4601,5220,1969
4602,5294,1969
4603,8865,1969
4604,8916,1969
4605,11663,1969
4606,11689,1969
4607,11805,1969
4608,12183,1969
4609,317,4140
4610,1254,4140
4611,1259,4140
4612,5220,4140
4613,5294,4140
4614,8865,4140
4615,8916,4140
4616,9073,4140
4617,11663,4140
4618,11689,4140
4619,12242,4140
4620,317,92
4621,1254,92
4622,1259,92
4623,5294,92
4624,8865,92
4625,8916,92
4626,11663,92
4627,11689,92
4628,317,1017
4629,1254,1017
4630,1259,1017
4631,5220,1017
4632,5294,1017
4633,8865,1017
4634,8916,1017
4635,9073,1017
4636,11663,1017
4637,11689,1017
4638,11805,1017
4639,317,5583
4640,1254,5583
4641,1259,5583
4642,5294,5583
4643,8865,5583
4644,8916,5583
4645,11663,5583
4646,11689,5583
4647,317,6198
4648,1254,6198
4649,1259,6198
4650,5220,6198
4651,5294,6198
4652,8865,6198
4653,8916,6198
4654,11663,6198
4655,11689,6198
4656,317,5567
4657,1254,5567
4658,1259,5567
4659,5294,5567
4660,8865,5567
4661,8916,5567
4662,11663,5567
4663,11689,5567
4664,12218,5567
4665,317,2261
4666,1254,2261
4667,1259,2261
4668,5220,2261
4669,5294,2261
4670,8865,2261
4671,8916,2261
4672,11663,2261
4673,11689,2261
4674,11740,2261
4675,12247,2261
4676,317,2264
4677,1254,2264
4678,1259,2264
4679,5294,2264
4680,8865,2264
4681,8916,2264
4682,11663,2264
4683,11689,2264
4684,12247,2264
4685,317,2065
4686,1254,2065
4687,1259,2065
4688,5294,2065
4689,8865,2065
4690,8916,2065
4691,11663,2065
4692,11689,2065
4693,12183,2065
4694,317,2263
4695,1254,2263
4696,1259,2263
4697,5294,2263
4698,8865,2263
4699,8916,2263
4700,11663,2263
4701,11689,2263
4702,12247,2263
4703,317,2041
4704,1254,2041
4705,1259,2041
4706,5294,2041
4707,8865,2041
4708,8916,2041
4709,11663,2041
4710,11689,2041
4711,11805,2041
4712,12183,2041
4713,317,984
4714,1254,984
4715,1259,984
4716,5294,984
4717,8865,984
4718,8916,984
4719,11663,984
4720,11689,984
4721,317,4117
4722,1254,4117
4723,1259,4117
4724,5294,4117
4725,8865,4117
4726,8916,4117
4727,11663,4117
4728,11689,4117
4729,317,1459
4730,1254,1459
4731,1259,1459
4732,5220,1459
4733,5294,1459
4734,8865,1459
4735,8916,1459
4736,9073,1459
4737,11663,1459
4738,11689,1459
4739,11740,1459
4740,12242,1459
4741,12588,1459
4742,317,5610
4743,1254,5610
4744,1259,5610
4745,5294,5610
4746,8865,5610
4747,8916,5610
4748,11663,5610
4749,11689,5610
4750,317,5566
4751,1254,5566
4752,1259,5566
4753,5220,5566
4754,5294,5566
4755,8865,5566
4756,8916,5566
4757,9073,5566
4758,11663,5566
4759,11689,5566
4760,12218,5566
4761,12848,5566
4762,317,2241
4763,1254,2241
4764,1259,2241
4765,5220,2241
4766,5294,2241
4767,8865,2241
4768,8916,2241
4769,11663,2241
4770,11689,2241
4771,12242,2241
4772,12588,2241
4773,317,5156
4774,1254,5156
4775,1259,5156
4776,5220,5156
4777,5294,5156
4778,8865,5156
4779,8916,5156
4780,9073,5156
4781,11663,5156
4782,11689,5156
4783,11740,5156
4784,11805,5156
4785,12848,5156
4786,317,5261
4787,1254,5261
4788,1259,5261
4789,5220,5261
4790,5294,5261
4791,8865,5261
4792,8916,5261
4793,11663,5261
4794,11689,5261
4795,317,3645
4796,1254,3645
4797,1259,3645
4798,5294,3645
4799,8865,3645
4800,8916,3645
4801,11663,3645
4802,11689,3645
4803,317,1019
4804,1254,1019
4805,1259,1019
4806,5294,1019
4807,8865,1019
4808,8916,1019
4809,11663,1019
4810,11689,1019
4811,317,2260
4812,1229,2260
4813,1254,2260
4814,1259,2260
4815,5220,2260
4816,5294,2260
4817,8865,2260
4818,8916,2260
4819,9073,2260
4820,11663,2260
4821,11689,2260
4822,11740,2260
4823,11805,2260
4824,12218,2260
4825,12247,2260
4826,12588,2260
4827,12848,2260
4828,317,3815
4829,1259,3815
4830,5220,3815
4831,5294,3815
4832,8865,3815
4833,8916,3815
4834,11663,3815
4835,11689,3815
4836,11805,3815
4837,317,369
4838,1254,369
4839,1259,369
4840,5294,369
4841,317,100130827
4842,1254,100130827
4843,1259,100130827
4844,5294,100130827
4845,8865,100130827
4846,8916,100130827
4847,11663,100130827
4848,11689,100130827
4849,317,494551
4850,1254,494551
4851,1259,494551
4852,5294,494551
4853,8865,494551
4854,8916,494551
4855,11663,494551
4856,11689,494551
4857,317,2268
4858,1259,2268
4859,5294,2268
4860,8865,2268
4861,8916,2268
4862,11663,2268
4863,11689,2268
4864,11805,2268
4865,317,5159
4866,1259,5159
4867,5220,5159
4868,5294,5159
4869,8865,5159
4870,8916,5159
4871,9073,5159
4872,11663,5159
4873,11689,5159
4874,11805,5159
4875,12242,5159
4876,12848,5159
4877,317,6098
4878,1254,6098
4879,1259,6098
4880,5220,6098
4881,5294,6098
4882,8865,6098
4883,8916,6098
4884,11663,6098
4885,11689,6098
4886,11740,6098
4887,317,3055
4888,1254,3055
4889,1259,3055
4890,5220,3055
4891,5294,3055
4892,8865,3055
4893,8916,3055
4894,11663,3055
4895,11689,3055
4896,11805,3055
4897,12242,3055
4898,317,5979
4899,1254,5979
4900,1259,5979
4901,5220,5979
4902,8865,5979
4903,8916,5979
4904,9073,5979
4905,11663,5979
4906,11689,5979
4907,11740,5979
4908,11805,5979
4909,12183,5979
4910,12218,5979
4911,12242,5979
4912,12588,5979
4913,12848,5979
4914,317,4067
4915,1259,4067
4916,5294,4067
4917,8865,4067
4918,8916,4067
4919,11663,4067
4920,11689,4067
4921,11805,4067
4922,12183,4067
4923,12242,4067
4924,317,1436
4925,1254,1436
4926,1259,1436
4927,5220,1436
4928,5294,1436
4929,8865,1436
4930,8916,1436
4931,9073,1436
4932,11663,1436
4933,11689,1436
4934,11740,1436
4935,12848,1436
4936,317,3643
4937,1254,3643
4938,1259,3643
4939,5220,3643
4940,5294,3643
4941,8865,3643
4942,8916,3643
4943,11663,3643
4944,11689,3643
4945,317,5582
4946,1254,5582
4947,1259,5582
4948,5220,5582
4949,5294,5582
4950,12218,5582
4951,317,4914
4952,1254,4914
4953,1259,4914
4954,5220,4914
4955,5294,4914
4956,8865,4914
4957,8916,4914
4958,9073,4914
4959,11663,4914
4960,11689,4914
4961,11740,4914
4962,12588,4914
4963,12848,4914
4964,317,11200
4965,1254,11200
4966,1259,11200
4967,5220,11200
4968,5294,11200
4969,8865,11200
4970,8916,11200
4971,11663,11200
4972,11689,11200
4973,12008,11200
4974,12242,11200
4975,317,10298
4976,1254,10298
4977,1259,10298
4978,5220,10298
4979,5294,10298
4980,8865,10298
4981,8916,10298
4982,9073,10298
4983,11663,10298
4984,11689,10298
4985,11740,10298
4986,12242,10298
4987,12588,10298
4988,12848,10298
4989,317,9113
4990,1254,9113
4991,1259,9113
4992,5294,9113
4993,8865,9113
4994,8916,9113
4995,11663,9113
4996,11689,9113
4997,12218,9113
4998,317,9448
4999,1254,9448
5000,1259,9448
5001,5220,9448
5002,5294,9448
5003,8865,9448
5004,8916,9448
5005,9073,9448
5006,11663,9448
5007,11689,9448
5008,11740,9448
5009,11805,9448
5010,12242,9448
5011,12848,9448
5012,317,9943
5013,1254,9943
5014,1259,9943
5015,5294,9943
5016,8865,9943
5017,8916,9943
5018,11663,9943
5019,11689,9943
5020,317,9064
5021,1254,9064
5022,1259,9064
5023,5294,9064
5024,8865,9064
5025,8916,9064
5026,11663,9064
5027,11689,9064
5028,317,5218
5029,1254,5218
5030,1259,5218
5031,5294,5218
5032,8865,5218
5033,8916,5218
5034,11663,5218
5035,11689,5218
5036,317,23683
5037,1254,23683
5038,1259,23683
5039,5220,23683
5040,5294,23683
5041,8865,23683
5042,8916,23683
5043,9073,23683
5044,11663,23683
5045,11689,23683
5046,11740,23683
5047,12218,23683
5048,12242,23683
5049,12848,23683
5050,317,6793
5051,1254,6793
5052,1259,6793
5053,5294,6793
5054,8865,6793
5055,8916,6793
5056,11663,6793
5057,11689,6793
5058,11805,6793
5059,12242,6793
5060,12588,6793
5061,317,9262
5062,1254,9262
5063,1259,9262
5064,5294,9262
5065,8865,9262
5066,8916,9262
5067,11663,9262
5068,11689,9262
5069,317,6792
5070,1254,6792
5071,1259,6792
5072,5294,6792
5073,8865,6792
5074,8916,6792
5075,11663,6792
5076,11689,6792
5077,317,5063
5078,1254,5063
5079,1259,5063
5080,5294,5063
5081,8865,5063
5082,8916,5063
5083,11663,5063
5084,11689,5063
5085,317,5288
5086,1254,5288
5087,1259,5288
5088,5294,5288
5089,8865,5288
5090,8916,5288
5091,11663,5288
5092,11689,5288
5093,317,8576
5094,1254,8576
5095,1259,8576
5096,5294,8576
5097,8865,8576
5098,8916,8576
5099,9073,8576
5100,11663,8576
5101,11689,8576
5102,317,8986
5103,1254,8986
5104,1259,8986
5105,5294,8986
5106,8865,8986
5107,8916,8986
5108,11663,8986
5109,11689,8986
5110,12218,8986
5111,12242,8986
5112,317,9252
5113,1254,9252
5114,1259,9252
5115,5294,9252
5116,8865,9252
5117,8916,9252
5118,11663,9252
5119,11689,9252
5120,12218,9252
5121,317,2081
5122,1254,2081
5123,1259,2081
5124,5294,2081
5125,8865,2081
5126,8916,2081
5127,11663,2081
5128,11689,2081
5129,317,8408
5130,1254,8408
5131,1259,8408
5132,5294,8408
5133,8865,8408
5134,8916,8408
5135,11663,8408
5136,11689,8408
5137,12242,8408
5138,317,9475
5139,1254,9475
5140,1259,9475
5141,5220,9475
5142,5294,9475
5143,8865,9475
5144,8916,9475
5145,9073,9475
5146,11663,9475
5147,11689,9475
5148,12218,9475
5149,317,3717
5150,1254,3717
5151,1259,3717
5152,5220,3717
5153,5294,3717
5154,8865,3717
5155,8916,3717
5156,9073,3717
5157,11663,3717
5158,11689,3717
5159,11740,3717
5160,12242,3717
5161,12588,3717
5162,12848,3717
5163,317,23396
5164,1254,23396
5165,1259,23396
5166,5294,23396
5167,8865,23396
5168,8916,23396
5169,11663,23396
5170,11689,23396
5171,317,9891
5172,1254,9891
5173,1259,9891
5174,5294,9891
5175,8865,9891
5176,8916,9891
5177,9073,9891
5178,11663,9891
5179,11689,9891
5180,12008,9891
5181,317,8444
5182,1254,8444
5183,1259,8444
5184,5220,8444
5185,5294,8444
5186,317,6885
5187,1254,6885
5188,1259,6885
5189,5294,6885
5190,8865,6885
5191,8916,6885
5192,11663,6885
5193,11689,6885
5194,317,1613
5195,1254,1613
5196,1259,1613
5197,5220,1613
5198,5294,1613
5199,8865,1613
5200,8916,1613
5201,9073,1613
5202,11663,1613
5203,11689,1613
5204,11740,1613
5205,12848,1613
5206,317,9175
5207,1254,9175
5208,1259,9175
5209,5294,9175
5210,8865,9175
5211,8916,9175
5212,9073,9175
5213,11663,9175
5214,11689,9175
5215,317,5170
5216,1254,5170
5217,1259,5170
5218,5220,5170
5219,5294,5170
5220,8865,5170
5221,8916,5170
5222,11663,5170
5223,11689,5170
5224,11805,5170
5225,317,5603
5226,1254,5603
5227,1259,5603
5228,5220,5603
5229,5294,5603
5230,8865,5603
5231,8916,5603
5232,11663,5603
5233,11689,5603
5234,317,2051
5235,1254,2051
5236,1259,2051
5237,5294,2051
5238,8865,2051
5239,8916,2051
5240,11663,2051
5241,11689,2051
5242,11740,2051
5243,11805,2051
5244,317,4593
5245,1254,4593
5246,1259,4593
5247,5294,4593
5248,8865,4593
5249,8916,4593
5250,11663,4593
5251,11689,4593
5252,317,1147
5253,1254,1147
5254,1259,1147
5255,5294,1147
5256,8865,1147
5257,8916,1147
5258,11663,1147
5259,11689,1147
5260,317,9201
5261,1254,9201
5262,1259,9201
5263,5220,9201
5264,5294,9201
5265,8865,9201
5266,8916,9201
5267,11663,9201
5268,11689,9201
5269,317,2580
5270,1254,2580
5271,1259,2580
5272,5294,2580
5273,8865,2580
5274,8916,2580
5275,11663,2580
5276,11689,2580
5277,11740,2580
5278,11805,2580
5279,12015,2580
5280,12183,2580
5281,12242,2580
5282,317,8573
5283,1254,8573
5284,1259,8573
5285,5294,8573
5286,8865,8573
5287,8916,8573
5288,11663,8573
5289,11689,8573
5290,317,5609
5291,1254,5609
5292,1259,5609
5293,5294,5609
5294,8865,5609
5295,8916,5609
5296,11663,5609
5297,11689,5609
5298,317,8780
5299,1254,8780
5300,1259,8780
5301,5294,8780
5302,8865,8780
5303,8916,8780
5304,11663,8780
5305,11689,8780
5306,317,11113
5307,1254,11113
5308,1259,11113
5309,5294,11113
5310,8865,11113
5311,8916,11113
5312,11663,11113
5313,11689,11113
5314,317,5287
5315,1254,5287
5316,1259,5287
5317,5294,5287
5318,8865,5287
5319,8916,5287
5320,11663,5287
5321,11689,5287
5322,12108,5287
5323,12183,5287
5324,317,10494
5325,1254,10494
5326,1259,10494
5327,5294,10494
5328,8865,10494
5329,8916,10494
5330,11663,10494
5331,11689,10494
5332,317,10733
5333,1254,10733
5334,1259,10733
5335,5220,10733
5336,5294,10733
5337,8865,10733
5338,8916,10733
5339,11663,10733
5340,11689,10733
5341,12242,10733
5342,12588,10733
5343,317,29904
5344,1254,29904
5345,1259,29904
5346,317,8317
5347,1254,8317
5348,1259,8317
5349,5220,8317
5350,317,658
5351,1254,658
5352,1259,658
5353,5294,658
5354,8865,658
5355,8916,658
5356,11663,658
5357,11689,658
5358,11805,658
5359,11581,4170
5360,1229,598
5361,11581,598
5362,9074,80351
5363,441,23411
5364,441,3094
5365,9073,5305
5366,11663,4835
5367,12048,4835
5368,1254,5579
5369,8916,5579
5370,12218,5579
5371,5220,2885
5372,5294,2885
5373,8865,2885
5374,8916,2885
5375,11740,2885
5376,11805,2885
5377,12242,2885
5378,5294,613
5379,8865,613
5380,11740,613
5381,11805,613
5382,12242,613
5383,5294,3636
5384,11740,3636
5385,11805,3636
5386,12242,3636
5387,773,8202
5388,773,8648
5389,5220,1460
5390,9073,1460
5391,11663,1460
5392,11740,1460
5393,12242,1460
5394,12588,1460
5395,1229,10381
5396,1254,5564
5397,12218,5564
5398,12242,5564
5399,1254,4485
5400,12218,5571
5401,12242,5571
5402,12848,5143
5403,11663,5286
5404,12108,5286
5405,9073,904
5406,5220,3301
5407,12588,92335
5408,8916,898
5409,12588,6776
5410,11663,5289
5411,11666,5289
5412,12015,5289
5413,12108,5289
5414,9074,8658
5415,12015,5568
5416,8865,54998
5417,9073,9439
5418,9074,57097
5419,9074,64761
5420,9074,79668
5421,9074,25976
5422,9074,84875
5423,9074,56965
5424,AZD3463,238
5425,AZD3463,3480
5426,AZD3463,3482
5427,86661883,596
5428,86661883,598
5429,118502708,472
5430,126689157,472
5431,54761306,545
5432,16007391,9212
5433,118693659,23476
5434,44199317,142
5435,135151360,5591
5436,24866313,5595
5437,46893585,367
5438,60750,5619
5439,60750,7298
5440,60750,51727
5441,58423153,5292
5442,AZ13409007,207
5443,AZ13409007,6446
5444,AZ13036220,5290
5445,AZ13406193,5290
5446,AZ12849707,596
5447,AZ13453202,598
5448,AZ12879988,1147
5449,AZ12879988,3551
5450,AZ-3202,598
5451,AZ13233395,6850
5452,AZ12618466,472
5453,AZ13135223,545
5454,AZ13242274,545
5455,AZ12594248,5591
5456,AZ12623380,7153
5457,AZ12623380,5591
5458,AZ13041521,5747
5459,AZ13257149,5747
5460,AZ12799043,673
5461,MEK_GSK,5604
5462,MEK_GSK,5605
5463,AZ13590091,2194
5464,AZD7032,3480
5465,AZD7032,3482
5466,IGF-OSI,3480
5467,IGF-OSI,3482
5468,AZ13088546,3480
5469,AZ13088546,3482
5470,AZ13146895,1457
5471,AZ13250285,1457
5472,AZ12783146,7272
5473,MK-2206,207
5474,MK-2206,208
5475,MK-2206,1111
5476,AZD4573,1025
5477,AZD4573,4170
5478,AZD4573,597
5479,AZD4573,4609
5480,AZD5991,4170
